0,1,2,3,4,5,6,7,8,9,10,11,12,13,14,15,16,17,18,19,20,21,22,23,24,25,26,27,28,29,30,31,32,33,34,35,36,37,38,39,40,SOS008L02P_pred,SOS005L04P_pred,SOS003L04P_pred,SOS002L09P_pred,SOS001L12P_pred,SOS500M24P_pred,SOS250M48P_pred,SOP001L12P_pred,POV005L04P_pred,POV002L09P_pred,POV001L24P_pred,POV500M24P_pred,POP001L12P_pred,POP015K_pred,SO0005L04P_pred,SO0002L09P_pred,SO0001L12P_pred,SO0500M24P_pred,POP005L04P_pred,POP002L09P_pred,POP001L12P.1_pred,POP500M24P_pred,POPF01L12P_pred,AT5X5K_pred,ATN02K12P_pred,ATN01K24P_pred,MAR02K12P_pred,MAR01K24P_pred,ATWWP002K12P_pred,ATWWP001K24P_pred,MASR025K_pred,MAHS025K_pred,SE500G24P_pred,SE200G24P_pred,ATPPCH5X5K_pred,ATPA1K24P_pred,MAPA1K24P_pred,MAP1K25P_pred,MAC1K25P_pred,EEA500G12P_pred,EEA200G24P_pred
6.077397333333334,129.89848,11.423456,105.886296,105.183232,41.94648,4.34424,1.216976,2.9217066666666667,4.366908,10.672115999999999,6.302296,8.827364,0.0,0.0,0.0,0.0,0.0,0.9706666666666667,1.2891059999999999,3.369548,1.6394559999999998,2.567292,33.833333333333336,20.3104,80.764,3.1272,18.3968,0.43360000000000004,1.8528,2.3991666666666664,0.7791666666666667,4.5956,0.32736,0.0,0.0,0.0,0.08,0.18960000000000002,0.0,0.0,3.009671,99.37872,8.91197,27.601645,64.96912,26.890953,1.6526093,0.73925155,3.3463175,5.4796386,13.050035,8.899973,3.5827816,-1.5735626e-05,0.06793296,0.067932844,0.067932844,0.06756997,1.5724776,2.3926573,4.558377,3.7238097,0.9474052,8.79338,12.290729,43.352444,2.3764517,14.919743,0.36095417,1.417815,2.2436228,1.3762733,2.985847,0.19465744,0.0660944,0.029636025,0.07279611,0.029636025,0.063770294,0.063770294,0.012982011
5.5798613333333344,126.21848000000001,11.423456,102.574296,102.607232,40.65848000000001,4.34424,1.216976,2.82828,4.200378,10.37946,6.082803999999999,8.351252,0.0,0.0,0.0,0.0,0.0,0.8796666666666667,1.2339599999999997,3.187548,1.4934919999999998,2.5257959999999997,33.166666666666664,20.7104,79.964,3.3672,18.540799999999997,0.43360000000000004,1.8528,2.315833333333333,0.7791666666666667,4.7356,0.33008,0.0,0.0,0.0,0.08,0.16960000000000003,0.0,0.0,3.3861785,99.387985,8.921107,27.610783,64.97826,26.900091,1.6589562,0.74610287,3.3624046,5.4898705,13.060267,8.909625,3.5976133,0.010402322,0.07738757,0.07738745,0.07738769,0.07901454,1.579729,2.3994508,4.573818,3.7317653,0.95545435,8.988416,12.541602,45.59578,2.5158525,15.331916,0.0051869154,0.084508896,2.2174027,1.376368,2.9187918,0.20440805,0.07639778,0.058048368,0.10429144,0.058048368,0.07144809,0.07144809,0.012982011
6.177984,130.77370666666667,11.423456,101.21858399999999,102.998416,39.019408000000006,4.34424,1.216976,3.0709466666666665,4.4728319999999995,11.400115999999999,6.629167999999999,9.492028000000001,0.0,0.0,0.0,0.0,0.0,0.8796666666666667,1.28856,3.331692,1.569932,2.7096159999999996,33.166666666666664,21.9104,84.764,3.3672,17.9368,0.43360000000000004,1.8528,2.3991666666666664,0.7791666666666667,4.7756,0.36208,0.0,0.0,0.0,0.08,0.16960000000000003,0.0,0.0,3.8002324,98.52508,8.949283,27.63896,63.940838,26.396715,1.6574621,0.6763366,3.4069834,6.0480223,13.258491,8.896432,3.5912414,0.010792732,0.07821643,0.07821679,0.07821679,0.080562234,1.4587399,2.5128,4.626745,3.625835,1.0245764,9.196072,12.589836,47.478405,2.3693318,16.066177,0.0016607046,0.08425748,2.1628,1.3741621,2.9446154,0.20180953,0.073592186,0.058064938,0.10379636,0.058064938,0.07179892,0.07179904,0.012982011
6.177984,125.75664000000002,10.682304,93.443112,99.410416,37.09697600000001,4.34424,1.2132960000000002,3.43616,4.9069020000000005,11.218480000000001,6.847568,9.190999999999999,0.0,0.0,0.0,0.0,0.0,0.8796666666666667,1.4523599999999999,3.2254039999999997,1.6056039999999998,2.614976,33.166666666666664,21.350399999999997,85.964,3.3752,17.6288,0.43360000000000004,1.8528,2.453333333333333,0.8208333333333333,4.8556,0.36208,0.0,0.0,0.0,0.08,0.16960000000000003,0.0,0.0,3.7910929,98.7966,8.924703,29.209047,62.85315,25.699537,1.655131,0.7535621,3.3935723,6.2843475,13.658215,9.083213,3.562417,0.00808835,0.07699156,0.07699144,0.07699168,0.07902455,1.4550326,2.592252,4.6572633,3.628326,1.0564408,9.7727,12.148206,49.344,2.2772005,17.165554,-0.0049108267,0.08244109,2.0851815,1.3674475,3.0348678,0.22903383,0.06860304,0.055897593,0.101529,0.055897713,0.069092155,0.069092155,0.012982011
7.649984000000001,121.15786666666668,9.938208000000001,87.479856,97.145744,35.41264,4.34424,1.0660960000000002,3.132826666666667,4.686318,10.745280000000001,6.701239999999999,9.179716,0.0,0.0,0.0,0.0,0.0,0.8190000000000001,1.3966679999999998,3.040492,1.56884,2.74092,31.916666666666668,20.9504,82.364,3.3752,16.6008,0.43360000000000004,1.8528,2.5366666666666666,0.8208333333333333,4.8556,0.39392,0.0,0.0,0.0,0.08,0.20400000000000004,0.0,0.0,4.270618,99.64194,8.883691,30.762701,62.279163,25.552214,1.6515057,0.7341166,3.452436,6.6581664,13.785711,8.795966,3.541957,0.00591743,0.077638865,0.077638745,0.077638626,0.07969046,1.4521279,2.6662211,4.7644887,3.6785293,1.0887545,10.878913,11.293999,51.940495,2.2211792,18.091331,-0.011875749,0.0792166,1.9692206,1.3446869,2.9955573,0.24737167,0.06347644,0.052273035,0.098502636,0.052273035,0.10422397,0.06508994,0.012982011
8.664192000000002,124.14909333333334,10.674208000000002,86.42277600000001,97.648064,36.478736000000005,4.355648,1.113936,3.158306666666667,5.070155999999999,11.65528,7.322952,9.457084,0.0,0.0,0.0,0.0,0.0,1.1259733333333335,1.619982,3.404492,1.9401199999999998,2.931656,31.5,20.7104,82.76,3.4552,16.7608,0.0016,1.0528,2.5366666666666666,0.8208333333333333,4.8756,0.39392,0.0,0.0,0.0,0.08,0.20400000000000004,0.0,0.0,4.2556763,99.5876,8.831717,32.840668,61.875298,25.074638,1.6481874,0.83946466,3.4406028,6.2625694,13.955162,9.261948,3.5264397,0.00810194,0.075374365,0.075374365,0.075374365,0.0770421,1.4538909,2.4362469,4.6074286,3.7254324,1.0907327,11.617699,11.62689,54.91228,2.215469,18.039986,-0.01338315,0.07578266,2.0762532,1.3384366,3.0954576,0.24608934,0.061152816,0.047742844,0.093919635,0.047742844,0.100806355,0.06167257,0.012982011
8.664192000000002,122.87519999999999,11.415728000000001,88.58164800000002,96.676544,36.538352,4.355648,1.113936,3.158306666666667,5.072886,12.556908,7.879872000000001,9.550996,0.0,0.0,0.0,0.0,0.0,1.1890666666666665,1.648374,3.404492,2.0114639999999997,3.1143840000000003,30.666666666666668,20.790399999999998,81.16000000000001,3.6895999999999995,16.9208,0.0016,0.3464,2.6166666666666667,0.7758333333333333,4.795599999999999,0.34672000000000003,0.0,0.0,0.0,0.08,0.20400000000000004,0.0,0.0,4.2675977,95.21548,8.881513,35.017216,59.443085,24.415346,1.6443279,0.8379868,4.121295,6.0320206,15.991469,9.208267,3.4982185,0.0033204556,0.07232344,0.0723238,0.0723238,0.073699236,1.5078355,2.2433825,5.0657454,3.7584038,1.0914327,11.644609,11.041902,57.973053,2.0575857,17.932713,-0.012420893,0.07497287,2.0765781,1.4618574,3.1173625,0.2579105,0.06219256,0.046612382,0.092968345,0.046612382,0.100792766,0.06165898,0.012982011
8.664192000000002,125.15986666666667,11.414256000000002,97.13930400000001,99.64667200000001,38.562352000000004,3.6866240000000006,1.077136,3.643033333333334,5.8924319999999994,12.156144000000001,8.395296,9.062872,0.0,0.0,0.0,0.0,0.0,1.1890666666666665,1.814358,3.593044,2.0114639999999997,3.504592,29.416666666666668,20.790399999999998,81.96000000000001,3.6895999999999995,16.9448,0.0016,0.3464,2.7841666666666667,0.8591666666666666,4.8556,0.3624,0.0,0.0,0.0,0.08,0.20080000000000003,0.0,0.0,4.2484045,95.736855,8.815515,36.548016,59.560295,24.421633,1.6408805,0.9792155,4.348421,6.390534,16.628742,9.6686535,3.4222302,-0.0008211136,0.070877194,0.070877194,0.07087743,0.07154381,1.5034028,2.306362,5.2782125,3.6963239,1.0888257,11.205021,10.234332,59.450813,1.9056821,17.805866,-0.015087366,0.07121527,2.0671022,1.4580377,3.0723767,0.2227354,0.0600034,0.042075396,0.08911598,0.042075396,0.09682691,0.057693005,0.012982011
8.664192000000002,129.31397333333334,12.881104,100.47890400000001,101.11867200000002,40.306304000000004,2.592192,1.2132960000000002,4.132006666666667,6.168162,12.555452,8.622796,8.864856,0.0,0.0,0.0,0.0,0.0,1.4329466666666666,1.980342,4.271176,2.0114639999999997,3.7437400000000003,28.166666666666668,19.9904,80.36,3.5296,16.7848,0.0016,0.0,3.105833333333334,0.8591666666666666,4.9879999999999995,0.35248,0.0,0.0,0.0,0.08,0.20080000000000003,0.0,0.0,4.3738894,101.94975,8.562809,37.890507,62.496216,24.983624,1.6308359,1.003947,4.4553657,6.299572,16.833889,10.055662,3.7421641,-0.012922406,0.066820025,0.066820025,0.066820145,0.066955686,1.5790936,2.2966647,5.124614,3.6592262,1.3607395,11.016888,10.438636,61.98502,1.844856,18.031904,-0.033132434,0.062007427,2.0278468,1.4455984,3.1629088,0.23764646,0.043468,0.032316923,0.07985628,0.032316923,0.08186102,0.04272747,0.012982011
8.664192000000002,132.34568000000002,13.373488,103.791456,101.587872,41.20900800000001,2.592192,1.1389600000000002,3.9494,6.168162,13.460355999999999,8.440796,8.391656000000001,0.0,0.0,0.0,0.0,0.0,1.4329466666666666,1.980342,4.283188,2.376192,3.7437400000000003,26.5,19.4304,78.72,3.7696,15.2648,0.0016,0.0,2.6808333333333336,0.6925,4.960999999999999,0.41648,0.0,0.0,0.0,0.08,0.20080000000000003,0.0,0.0,4.086771,106.48511,8.329884,39.2565,64.783226,25.63698,1.338541,1.0363016,4.543164,6.506898,17.850485,9.690364,3.5836973,-0.02004385,0.06697273,0.06697273,0.06697273,0.0666461,1.6304191,2.3287446,5.112139,3.5427833,1.5294949,11.078865,11.194053,64.89647,1.7821357,18.608717,-0.04676068,0.055184245,1.9944286,1.442065,3.1528325,0.2416836,0.032227278,0.024742365,0.073519945,0.024742365,0.070680976,0.030677557,0.012982011
7.682858666666667,133.53738666666666,12.43288,105.723456,98.2836,41.210480000000004,2.592192,1.1021600000000003,3.582973333333334,6.497946,13.66456,8.259888,8.234408,0.0,0.0,0.0,0.0,0.0,1.37228,2.092818,4.16598,2.166528,3.564288,25.666666666666668,19.4304,75.92,3.5296000000000003,15.5808,0.0016,0.0,2.4983333333333335,0.6925,4.9974,0.3208,0.0,0.0,0.0,0.08,0.20080000000000003,0.0,0.0,3.5251226,103.78984,8.305859,39.765625,62.63368,27.245188,0.101000786,0.9124256,3.9791203,5.634805,18.224026,10.140718,3.5097103,-0.015375018,0.08467853,0.08467877,0.08467877,0.0837152,1.32786,2.2145998,5.0804324,3.6599152,1.319537,11.509157,11.627277,65.233864,1.5535965,18.738276,0.2871064,0.9904332,1.997818,1.0550156,3.2712796,0.24787879,0.03891945,0.01630354,0.062604666,0.01630354,0.07645941,0.03645575,0.012982011
6.939989333333333,129.02877333333333,12.43288,99.215376,95.249808,40.15064,2.592192,1.1021600000000003,3.582973333333334,7.328411999999999,13.662012,8.441888,7.923188,0.0,0.0,0.0,0.0,0.0,1.37228,2.36691,4.067336,2.275728,3.564288,24.833333333333332,18.2304,72.32,3.2896,15.620800000000001,0.6375999999999998,1.96,2.493333333333333,0.7358333333333333,4.8974,0.3368,0.0,0.0,0.0,0.08,0.17440000000000003,0.0,0.0,2.4874995,104.33677,8.274705,42.418827,61.53942,26.576164,0.10417998,0.8737114,3.969852,6.044014,17.680729,9.70658,3.4702115,-0.015509129,0.080984354,0.08098459,0.08098459,0.080281496,1.3283265,2.0938764,5.0851135,3.4411376,1.2843919,12.151587,11.793364,67.867455,1.4657243,18.597374,0.28819036,1.3783373,1.8173426,1.0969834,3.298227,0.21600711,0.03952682,0.007721901,0.05377078,0.0077216625,0.071640134,0.031636715,0.012982011
6.939989333333333,130.8608,13.544608000000002,100.17585600000001,98.062064,40.775504,2.592192,1.1021600000000003,3.886306666666667,6.507228,14.80752,8.990435999999999,8.571108,0.0,0.0,0.0,0.0,0.0,1.37228,2.086266,4.067336,2.4580919999999997,3.673488,24.0,17.110400000000002,68.32,3.0496,14.7408,0.6375999999999998,1.96,2.493333333333333,0.7358333333333333,4.7574,0.3528,0.0,0.0,0.0,0.08,0.17440000000000003,0.0,0.0,2.5448132,98.65038,8.122147,41.62309,59.705376,25.185793,0.10714507,0.88067347,4.162039,6.238931,17.347593,9.309785,3.4056556,-0.008595943,0.081973195,0.081973195,0.081973076,0.08138585,1.3354652,2.1495888,5.0938025,3.3527343,1.292212,12.903832,11.1392765,69.86231,1.4995615,18.412045,0.2968303,1.3823087,1.9238092,1.1016281,3.3323455,0.22282994,0.0469321,0.011685729,0.057182193,0.011685729,0.08144724,0.041443706,0.012982011
7.921322666666667,133.02096,13.544608000000002,99.623856,98.79806400000001,42.274368,2.592192,1.223232,3.8863066666666666,6.675942,15.882048000000001,8.733816000000001,8.301748,0.0,0.0,0.0,0.0,0.0,1.3116133333333333,2.086266,4.069884,2.420236,3.861312,24.416666666666668,17.5104,65.12,3.0496,13.9408,0.6375999999999998,1.96,2.45,0.7358333333333333,4.6174,0.35296,0.0,0.0,0.0,0.08,0.17440000000000003,0.0,0.0,3.8388548,91.94624,7.4007783,39.792366,55.827984,22.520351,0.4561509,0.9408573,3.7657437,6.545043,17.650547,8.557935,3.4742913,-0.0009943247,0.078923464,0.078923464,0.078923464,0.07885182,1.2246745,2.2199762,5.4588428,3.4162207,1.3005967,13.359303,11.153986,68.85145,1.4734799,18.14937,0.3061304,1.3885224,2.0784051,1.1088656,3.3112304,0.24967718,0.05256176,0.01776898,0.06053734,0.01776898,0.0955981,0.055594802,0.012982011
7.713770666666666,136.72488,13.011376000000002,95.67540000000001,97.563424,40.77587200000001,3.3160480000000008,1.1459520000000003,4.432306666666666,7.2290399999999995,16.974048,9.82618,8.179444,0.0,0.0,0.0,0.0,0.0,1.3116133333333333,2.1408660000000004,4.069884,2.64082,4.043311999999999,24.833333333333332,17.9104,65.92,3.0496,14.3208,0.6375999999999998,1.96,2.3291666666666666,0.7358333333333333,4.517399999999999,0.35296,0.0,0.0,0.0,0.08,0.17440000000000003,0.0,0.0,3.8288202,91.0225,7.874843,40.246937,56.463287,22.63579,1.6403344,0.968805,3.8293548,7.0512977,17.724117,7.9159656,3.417047,-0.0021836758,0.067750335,0.067750216,0.067750335,0.06772971,1.2244725,2.3295798,5.524996,3.3951435,1.2976073,12.063868,10.549748,66.90234,1.2790747,17.195711,0.30356932,1.3862152,1.9991299,1.0171574,3.2409973,0.24586904,0.04713559,0.01474607,0.057825923,0.01474607,0.09305322,0.053049564,0.012982011
8.099434666666667,139.37816000000004,12.253296000000002,95.467296,97.568208,38.77211200000001,4.909120000000001,1.467216,5.038973333333333,7.659288,17.828356,9.714796000000002,7.946484,0.0,0.0,0.0,0.0,0.0,1.79816,2.580396,4.10592,2.6044199999999997,3.89298,25.5,17.9104,67.92,3.0616,15.184800000000001,0.6375999999999998,1.96,2.0791666666666666,0.6108333333333333,4.4174,0.35296,0.0,0.0,0.0,0.08,0.23840000000000003,0.0,0.0,3.810554,92.18294,8.2058325,40.909798,57.49345,20.830633,1.6603769,0.8601158,3.8142028,7.451627,17.70544,8.106358,3.6075673,3.9696693e-05,0.067587495,0.067587495,0.067587614,0.06904209,0.9309154,2.4224024,5.27017,2.9691458,1.0021989,12.411337,11.027002,69.19493,1.4479234,17.690903,0.3084073,1.3854911,1.6603769,1.0125475,3.2965088,0.21966267,0.05125022,0.014398694,0.055447817,0.014398694,0.09046936,0.05046594,0.012982011
9.140629333333333,143.13850666666667,11.332928000000003,94.047552,98.428592,39.761296,4.948496000000001,1.3917760000000001,5.281033333333332,7.383011999999999,17.827992,9.54408,8.306844,0.0,0.0,0.0,0.0,0.0,1.7374933333333331,2.4144119999999996,4.108467999999999,2.6779479999999998,3.828552,26.75,17.9104,71.11999999999999,3.0616,16.5048,0.6375999999999998,1.96,1.6625,0.6108333333333333,4.3774,0.4489599999999999,0.0,0.0,0.0,0.0,0.23840000000000003,0.0,0.0,3.839342,88.157845,8.324277,42.04918,54.597263,19.353348,1.6603769,0.823508,4.187662,7.5446415,17.623661,8.548778,3.8986464,-0.00064086914,0.06662452,0.06662476,0.06662452,0.06812,0.98949975,2.4396183,5.0999994,2.86735,1.0034785,12.712566,11.091795,70.770035,1.5407662,18.046892,0.31216574,1.386074,1.8537143,1.0609121,3.396267,0.23821926,0.05506003,0.015211463,0.05481732,0.015211463,0.09551823,0.055514693,0.012982011
9.517461333333333,142.66930666666667,10.466287999999999,93.530328,99.17710400000001,41.60056,3.586528,1.3917760000000001,5.0377600000000005,7.10346,17.282719999999998,9.896067999999998,8.259888,0.0,0.0,0.0,0.0,0.0,1.6464933333333334,2.3041199999999997,4.060784,2.859948,3.608696,27.166666666666668,17.5104,72.72,2.9,17.3688,0.6375999999999998,1.96,1.8766666666666665,0.6525,4.3374,0.44800000000000006,0.0,0.0,0.0,0.0,0.23840000000000003,0.0,0.0,3.8399782,85.85774,7.7979913,48.845253,51.060246,17.587473,1.6603769,0.8243505,3.7413378,8.350408,17.30038,8.923993,3.9507275,0.0005735159,0.06546497,0.065464854,0.065464854,0.06806815,0.6957741,2.4374785,4.931548,3.048221,1.2520814,12.735463,10.177259,71.51671,1.3206993,18.066898,0.3080715,1.388341,1.9839427,1.0591106,3.4974046,0.26613438,0.049170732,0.018263698,0.05503428,0.018263698,0.096407294,0.056403518,0.012982011
10.261802666666666,141.50029333333336,10.641456,93.17152800000001,97.99435199999999,41.84638400000001,3.584688,1.43888,5.0377600000000005,7.939932,18.01072,10.262251999999998,8.182356,0.0,0.0,0.0,0.0,0.0,1.6464933333333334,2.578212,4.424784000000001,2.859948,3.506776,25.916666666666668,17.110400000000002,71.11999999999999,2.5,16.7288,0.6375999999999998,1.96,2.04,0.5700000000000001,4.4974,0.44800000000000006,0.0,0.0,0.0,0.0,0.23840000000000003,0.0,0.0,3.8171835,85.49307,7.469078,55.94412,50.678883,18.302536,1.6603769,0.8610017,3.2333179,8.260939,16.05767,8.168666,3.9183378,0.0124228,0.06678665,0.066786766,0.06678665,0.0708487,0.2931795,2.4696484,4.514355,2.7754192,1.1466273,12.518897,10.353617,72.21538,1.3011235,18.267445,0.30879593,1.387484,1.9546125,1.0608597,3.4824572,0.2835679,0.04838395,0.018059254,0.052693486,0.018059254,0.09395599,0.053952575,0.012982011
10.260330666666668,147.66,10.7548,98.463,100.34550399999999,42.855072,3.584688,1.58056,4.825426666666667,7.939932,18.620055999999998,10.552724000000001,8.239504,0.0,0.0,0.0,0.0,0.0,1.5858266666666665,2.578212,4.712344,2.823548,3.3757360000000003,24.25,16.3104,69.52,2.9040000000000004,17.278399999999998,0.6375999999999998,1.96,2.04,0.5808333333333333,4.5774,0.40800000000000003,0.0,0.0,0.0,0.0,0.23840000000000003,0.0,0.0,3.8533998,81.53284,6.527893,56.884995,49.059433,18.293346,1.6603769,0.75759995,3.3375697,8.383119,15.127596,8.117047,3.8398218,0.017529607,0.06770098,0.06770098,0.06770098,0.07227254,0.29831564,2.5098295,4.4111423,2.6657152,1.1525028,12.84527,10.593414,73.412964,1.2886109,17.178528,0.3168422,1.3917998,2.0132852,1.1495756,3.418284,0.29600465,0.054470062,0.022232533,0.056512594,0.022232533,0.100331426,0.060328007,0.012982011
9.278016000000001,153.17877333333334,11.692096,103.429344,101.8164,44.094496,3.584688,1.6453280000000001,4.825426666666667,7.939932,19.807788000000002,10.630984000000002,8.239504,0.0,0.0,0.0,0.0,0.0,1.5858266666666665,2.578212,4.560919999999999,2.859584,3.22322,24.666666666666668,16.7104,69.52,3.3040000000000003,16.8784,0.6375999999999998,1.96,2.2066666666666666,0.5924999999999999,4.7774,0.376,0.0,0.0,0.0,0.0,0.21839999999999998,0.0,0.0,3.9044752,74.33081,6.3629265,58.648136,47.189945,17.903,1.6603769,0.83934206,3.6008844,9.332443,13.60599,7.576565,4.0827007,0.020770907,0.06956518,0.06956518,0.06956518,0.07388103,0.30051374,2.688377,4.1101604,2.6472864,1.160301,12.9781,10.700307,72.82431,1.4309908,15.964369,0.32713103,1.3989882,1.715459,1.1151814,3.363648,0.28000617,0.061878085,0.029456377,0.06377208,0.029456139,0.10967064,0.0696671,0.012982011
8.772629333333333,157.46290666666667,11.692096,108.77546400000001,103.164752,45.328768000000004,3.584688,1.6453280000000001,4.825426666666667,7.938839999999999,19.443787999999998,10.448984,7.874048,0.0,0.0,0.0,0.0,0.0,1.5858266666666665,2.578212,4.488119999999999,2.819544,3.1824519999999996,24.25,16.3104,67.52000000000001,3.3040000000000003,16.4816,0.6375999999999998,1.96,2.2066666666666666,0.5924999999999999,5.111,0.376,0.0,0.0,0.0,0.0,0.21839999999999998,0.0,0.0,3.909029,71.77097,6.92611,61.86949,44.87812,16.2418,1.6603769,0.8711701,3.6609817,9.8909,13.100969,7.363712,4.2398186,0.018334985,0.06604862,0.06604886,0.06604886,0.0702095,0.2960918,2.8264022,4.069209,2.6754532,1.1993005,12.849875,10.571547,72.20633,1.4745262,14.721517,0.3323033,1.4068756,1.4944973,1.4862939,3.2914224,0.26678276,0.06455958,0.037829995,0.07140863,0.037829995,0.11145055,0.071447015,0.012982011
8.281962666666667,162.46464000000003,12.600320000000002,111.25836000000001,104.144368,45.69419200000001,3.584688,1.6453280000000001,5.0074266666666665,8.316126,19.953024000000003,10.889788000000001,7.508956,0.0,0.0,0.0,0.0,0.0,1.5858266666666665,2.630628,4.4513560000000005,2.819544,3.49622,24.666666666666668,16.3104,70.32,3.3040000000000003,17.2816,0.6375999999999998,1.96,2.3733333333333335,0.6341666666666667,5.310999999999999,0.44032,0.0,0.0,0.0,0.0,0.21839999999999998,0.0,0.0,3.8991385,70.566826,7.3310337,64.50972,43.43961,15.864272,1.6603769,0.9418759,3.179966,10.397367,13.54625,7.061691,4.2851295,0.015050769,0.062580585,0.062580585,0.062580585,0.06660342,0.29374778,2.910839,4.0843544,2.6073499,1.286458,13.2209,10.551622,73.68915,1.5736239,15.475514,0.32725358,1.3982695,1.7437615,1.4684078,3.2939987,0.26238453,0.05980289,0.028844237,0.062012672,0.028844237,0.1759615,0.06812608,0.012982011
7.788842666666667,166.0501866666667,14.215104,110.340936,105.399616,46.371312,3.584688,1.3494560000000002,4.5827599999999995,7.767942,20.315203999999998,10.487204,7.953036,0.0,0.0,0.0,0.0,0.0,1.4644933333333332,2.592954,4.4513560000000005,2.819544,3.340792,25.083333333333332,16.7104,72.72,3.064,17.6816,0.6375999999999998,1.96,2.4650000000000003,0.6741666666666666,5.510999999999999,0.44032,0.0,0.0,0.0,0.0,0.21839999999999998,0.0,0.0,3.950882,68.102974,6.4543366,62.58394,39.735394,14.414914,1.6603769,0.94606435,3.3523226,9.889437,13.20224,6.708612,4.713741,0.01706922,0.061282396,0.061282396,0.061282396,0.06549907,0.29498887,2.9143806,4.1568823,2.4749818,1.2921982,13.9406185,11.556665,76.06125,1.5745337,16.046064,0.33262098,1.4034446,1.7494904,1.5668474,3.3763046,0.26706088,0.06393087,0.033800244,0.06661236,0.033800244,0.18371308,0.07587731,0.012982011
7.292778666666667,168.35141333333334,14.215104,108.47904,105.225184,46.054832000000005,3.584688,1.3494560000000002,4.461426666666667,7.767942,19.404839999999997,10.487204,7.695323999999999,0.0,0.0,0.0,0.0,0.0,1.2824933333333335,2.592954,5.180812,2.819544,3.2952920000000003,24.666666666666668,16.3104,73.52,2.504,16.872,0.6375999999999998,1.96,2.0983333333333336,0.625,6.010999999999999,0.48031999999999997,0.0,0.0,0.0,0.0,0.21839999999999998,0.0,0.0,3.9635296,67.26302,6.494174,61.185818,38.10579,14.102152,1.6603769,0.9508863,3.560068,9.376127,14.33236,7.2382884,4.584989,0.016221642,0.06421888,0.06421888,0.064219,0.068136215,0.38317585,2.7240396,4.4587393,2.6789093,1.4350536,15.410637,12.595059,80.536896,1.6072149,16.685041,0.32914925,1.4010814,1.8112613,1.1534188,3.5450106,0.26285315,0.05989504,0.03027916,0.06415427,0.03027916,0.18743718,0.07525325,0.012982011
7.292778666666667,165.26818666666668,13.283695999999999,109.03048800000002,104.85571200000001,45.586736,3.583216,1.180544,4.8867,8.481563999999999,19.58502,10.192728,7.647276000000001,0.0,0.0,0.0,0.0,0.0,1.2824933333333335,2.591862,5.695508,2.7099800000000003,3.380104,25.5,16.7104,75.92,2.664,17.032,0.6375999999999998,1.96,2.26,0.6158333333333332,6.411,0.48031999999999997,0.0,0.0,0.0,0.0,0.21839999999999998,0.0,0.0,3.8784661,72.5973,6.215816,60.55063,41.372906,15.880208,1.6603769,0.93848115,3.5976503,10.097651,15.582818,7.9657335,5.183745,-0.0064389706,0.058297515,0.058297515,0.058297515,0.061567783,0.48073792,2.8274164,4.591741,3.0294878,1.4229012,16.405905,12.922946,84.46646,1.3923645,15.87493,0.31645072,1.3858536,2.116663,1.3050959,3.3692427,0.2507789,0.049461365,0.013120532,0.049851418,0.013120532,0.16932487,0.057140946,0.012982011
7.292778666666667,173.04034666666666,13.708,110.116824,108.82974399999999,45.698976,3.583216,1.180544,4.8867,8.481563999999999,20.020728000000002,11.033204000000001,8.193276000000001,0.0,0.0,0.0,0.0,0.0,1.2824933333333335,2.591862,5.988528,2.9651440000000004,3.562104,26.333333333333332,16.916,77.11999999999999,2.824,16.996,0.6375999999999998,1.96,2.496666666666667,0.49083333333333334,6.7909999999999995,0.48031999999999997,0.0,0.0,0.0,0.0,0.21839999999999998,0.0,0.0,3.7629666,78.5244,5.8172755,66.66595,45.368565,17.635176,1.6603769,0.9224965,3.3925061,9.760216,15.245383,7.6337905,5.2374086,-0.014764547,0.052390456,0.052390575,0.052390575,0.055663824,0.47148192,2.7519336,4.3838654,2.9215326,1.4103205,17.720716,13.815093,89.88801,1.41942,16.547062,0.3012408,1.3713491,2.365598,1.4954977,3.4477558,0.23764181,0.035838366,-0.0032621622,0.03531933,0.016485095,0.14771342,0.035529375,0.012982011
7.292778666666667,184.08034666666668,14.446576,111.234072,111.77374400000001,45.33576000000001,3.583216,1.180544,4.8867,8.151779999999999,20.39492,11.598132,8.5722,0.0,0.0,0.0,0.0,0.0,1.2824933333333335,2.535624,6.172712,2.9651440000000004,3.563924,26.75,16.596,77.6,2.984,16.004,0.6375999999999998,1.96,2.6633333333333336,0.4908333333333334,7.176,0.5923200000000001,0.0,0.0,0.0,0.0,0.21839999999999998,0.0,0.0,3.6759486,82.36799,5.5264,70.62774,47.20604,18.053751,1.6603769,0.9120745,3.6153693,9.903571,16.914356,8.411738,5.3697805,-0.025974393,0.049152732,0.049152613,0.049152732,0.052287817,0.45998752,2.6658182,4.292067,2.8293207,1.3998244,18.646088,14.485373,96.47948,1.3802218,17.481277,0.2880255,1.3593817,2.5558567,1.4818753,3.546733,0.22699702,0.024782658,-0.017111778,0.023858905,0.0026353598,0.13039255,0.018208742,0.012982011
7.292778666666667,184.43362666666664,14.908048,109.581936,110.86883199999998,44.598288000000004,3.583216,1.180544,4.8867,8.371818,20.251140000000003,11.015004,8.865219999999999,0.0,0.0,0.0,0.0,0.0,1.2824933333333335,2.6459159999999997,5.990347999999999,2.9928079999999997,3.38156,25.5,16.356,75.2,2.9840000000000004,16.004,0.6359999999999999,1.96,2.6633333333333336,0.47583333333333333,7.076,0.53952,0.0,0.0,0.0,0.0,0.21839999999999998,0.0,0.0,3.5813394,87.52361,6.971232,74.5524,50.25545,18.711172,1.6603769,0.9715595,3.6191502,10.012459,17.302347,8.600485,5.888942,-0.03921473,0.04577756,0.0457772,0.04577744,0.0482105,0.50444067,2.665958,4.19868,2.7348318,1.4603807,18.806767,14.417464,100.01641,1.3721592,17.685343,0.27315712,1.3394289,2.5293407,1.4733397,3.489884,0.21389747,0.012317896,-0.03838265,0.0048698187,0.34912133,0.11189258,-0.0002913475,0.012982011
7.292778666666667,187.24146666666667,14.637936000000002,106.25613600000001,110.500832,45.774784,2.6643200000000005,1.333264,5.190033333333333,8.36745,20.429864000000002,11.308024,8.95622,0.0,0.0,0.0,0.0,0.0,1.34316,2.700516,5.953948,3.0670640000000002,3.3102159999999996,24.5,15.556000000000001,74.4,2.9840000000000004,16.016000000000002,0.6359999999999999,1.96,2.6525000000000003,0.4491666666666667,7.476,0.5875199999999999,0.0,0.0,0.0,0.0,0.0984,0.0,0.0,4.354297,87.41624,6.864358,76.05284,51.566063,18.95902,1.6603769,0.9680316,3.4617143,10.664498,18.567652,8.816871,6.446993,-0.046289086,0.045068264,0.045068264,0.045068383,0.047363043,0.49645078,2.73705,4.389666,2.9072404,1.5257478,18.725248,14.337566,99.93904,1.3468591,17.617317,0.26648593,1.3350242,2.495151,1.4675329,3.4524183,0.20785272,0.0062539577,-0.04291308,0.0004683733,0.34413183,0.10576463,-0.006419301,0.012982011
