time_step,product_id,value
0,SOS008L02P,6.077397333333334
0,SOS005L04P,129.89848
0,SOS003L04P,11.423456
0,SOS002L09P,105.886296
0,SOS001L12P,105.183232
0,SOS500M24P,41.94648
0,SOS250M48P,4.34424
0,SOP001L12P,1.216976
0,POV005L04P,2.9217066666666667
0,POV002L09P,4.366908
0,POV001L24P,10.672115999999999
0,POV500M24P,6.302296
0,POP001L12P,8.827364
0,POP015K,0.0
0,SO0005L04P,0.0
0,SO0002L09P,0.0
0,SO0001L12P,0.0
0,SO0500M24P,0.0
0,POP005L04P,0.9706666666666667
0,POP002L09P,1.2891059999999999
0,POP001L12P.1,3.369548
0,POP500M24P,1.6394559999999998
0,POPF01L12P,2.567292
0,AT5X5K,33.833333333333336
0,ATN02K12P,20.3104
0,ATN01K24P,80.764
0,MAR02K12P,3.1272
0,MAR01K24P,18.3968
0,ATWWP002K12P,0.43360000000000004
0,ATWWP001K24P,1.8528
0,MASR025K,2.3991666666666664
0,MAHS025K,0.7791666666666667
0,SE500G24P,4.5956
0,SE200G24P,0.32736
0,ATPPCH5X5K,0.0
0,ATPA1K24P,0.0
0,MAPA1K24P,0.0
0,MAP1K25P,0.08
0,MAC1K25P,0.18960000000000002
0,EEA500G12P,0.0
0,EEA200G24P,0.0
1,SOS008L02P,5.5798613333333344
1,SOS005L04P,126.21848000000001
1,SOS003L04P,11.423456
1,SOS002L09P,102.574296
1,SOS001L12P,102.607232
1,SOS500M24P,40.65848000000001
1,SOS250M48P,4.34424
1,SOP001L12P,1.216976
1,POV005L04P,2.82828
1,POV002L09P,4.200378
1,POV001L24P,10.37946
1,POV500M24P,6.082803999999999
1,POP001L12P,8.351252
1,POP015K,0.0
1,SO0005L04P,0.0
1,SO0002L09P,0.0
1,SO0001L12P,0.0
1,SO0500M24P,0.0
1,POP005L04P,0.8796666666666667
1,POP002L09P,1.2339599999999997
1,POP001L12P.1,3.187548
1,POP500M24P,1.4934919999999998
1,POPF01L12P,2.5257959999999997
1,AT5X5K,33.166666666666664
1,ATN02K12P,20.7104
1,ATN01K24P,79.964
1,MAR02K12P,3.3672
1,MAR01K24P,18.540799999999997
1,ATWWP002K12P,0.43360000000000004
1,ATWWP001K24P,1.8528
1,MASR025K,2.315833333333333
1,MAHS025K,0.7791666666666667
1,SE500G24P,4.7356
1,SE200G24P,0.33008
1,ATPPCH5X5K,0.0
1,ATPA1K24P,0.0
1,MAPA1K24P,0.0
1,MAP1K25P,0.08
1,MAC1K25P,0.16960000000000003
1,EEA500G12P,0.0
1,EEA200G24P,0.0
2,SOS008L02P,6.177984
2,SOS005L04P,130.77370666666667
2,SOS003L04P,11.423456
2,SOS002L09P,101.21858399999999
2,SOS001L12P,102.998416
2,SOS500M24P,39.019408000000006
2,SOS250M48P,4.34424
2,SOP001L12P,1.216976
2,POV005L04P,3.0709466666666665
2,POV002L09P,4.4728319999999995
2,POV001L24P,11.400115999999999
2,POV500M24P,6.629167999999999
2,POP001L12P,9.492028000000001
2,POP015K,0.0
2,SO0005L04P,0.0
2,SO0002L09P,0.0
2,SO0001L12P,0.0
2,SO0500M24P,0.0
2,POP005L04P,0.8796666666666667
2,POP002L09P,1.28856
2,POP001L12P.1,3.331692
2,POP500M24P,1.569932
2,POPF01L12P,2.7096159999999996
2,AT5X5K,33.166666666666664
2,ATN02K12P,21.9104
2,ATN01K24P,84.764
2,MAR02K12P,3.3672
2,MAR01K24P,17.9368
2,ATWWP002K12P,0.43360000000000004
2,ATWWP001K24P,1.8528
2,MASR025K,2.3991666666666664
2,MAHS025K,0.7791666666666667
2,SE500G24P,4.7756
2,SE200G24P,0.36208
2,ATPPCH5X5K,0.0
2,ATPA1K24P,0.0
2,MAPA1K24P,0.0
2,MAP1K25P,0.08
2,MAC1K25P,0.16960000000000003
2,EEA500G12P,0.0
2,EEA200G24P,0.0
3,SOS008L02P,6.177984
3,SOS005L04P,125.75664000000002
3,SOS003L04P,10.682304
3,SOS002L09P,93.443112
3,SOS001L12P,99.410416
3,SOS500M24P,37.09697600000001
3,SOS250M48P,4.34424
3,SOP001L12P,1.2132960000000002
3,POV005L04P,3.43616
3,POV002L09P,4.9069020000000005
3,POV001L24P,11.218480000000001
3,POV500M24P,6.847568
3,POP001L12P,9.190999999999999
3,POP015K,0.0
3,SO0005L04P,0.0
3,SO0002L09P,0.0
3,SO0001L12P,0.0
3,SO0500M24P,0.0
3,POP005L04P,0.8796666666666667
3,POP002L09P,1.4523599999999999
3,POP001L12P.1,3.2254039999999997
3,POP500M24P,1.6056039999999998
3,POPF01L12P,2.614976
3,AT5X5K,33.166666666666664
3,ATN02K12P,21.350399999999997
3,ATN01K24P,85.964
3,MAR02K12P,3.3752
3,MAR01K24P,17.6288
3,ATWWP002K12P,0.43360000000000004
3,ATWWP001K24P,1.8528
3,MASR025K,2.453333333333333
3,MAHS025K,0.8208333333333333
3,SE500G24P,4.8556
3,SE200G24P,0.36208
3,ATPPCH5X5K,0.0
3,ATPA1K24P,0.0
3,MAPA1K24P,0.0
3,MAP1K25P,0.08
3,MAC1K25P,0.16960000000000003
3,EEA500G12P,0.0
3,EEA200G24P,0.0
4,SOS008L02P,7.649984000000001
4,SOS005L04P,121.15786666666668
4,SOS003L04P,9.938208000000001
4,SOS002L09P,87.479856
4,SOS001L12P,97.145744
4,SOS500M24P,35.41264
4,SOS250M48P,4.34424
4,SOP001L12P,1.0660960000000002
4,POV005L04P,3.132826666666667
4,POV002L09P,4.686318
4,POV001L24P,10.745280000000001
4,POV500M24P,6.701239999999999
4,POP001L12P,9.179716
4,POP015K,0.0
4,SO0005L04P,0.0
4,SO0002L09P,0.0
4,SO0001L12P,0.0
4,SO0500M24P,0.0
4,POP005L04P,0.8190000000000001
4,POP002L09P,1.3966679999999998
4,POP001L12P.1,3.040492
4,POP500M24P,1.56884
4,POPF01L12P,2.74092
4,AT5X5K,31.916666666666668
4,ATN02K12P,20.9504
4,ATN01K24P,82.364
4,MAR02K12P,3.3752
4,MAR01K24P,16.6008
4,ATWWP002K12P,0.43360000000000004
4,ATWWP001K24P,1.8528
4,MASR025K,2.5366666666666666
4,MAHS025K,0.8208333333333333
4,SE500G24P,4.8556
4,SE200G24P,0.39392
4,ATPPCH5X5K,0.0
4,ATPA1K24P,0.0
4,MAPA1K24P,0.0
4,MAP1K25P,0.08
4,MAC1K25P,0.20400000000000004
4,EEA500G12P,0.0
4,EEA200G24P,0.0
5,SOS008L02P,8.664192000000002
5,SOS005L04P,124.14909333333334
5,SOS003L04P,10.674208000000002
5,SOS002L09P,86.42277600000001
5,SOS001L12P,97.648064
5,SOS500M24P,36.478736000000005
5,SOS250M48P,4.355648
5,SOP001L12P,1.113936
5,POV005L04P,3.158306666666667
5,POV002L09P,5.070155999999999
5,POV001L24P,11.65528
5,POV500M24P,7.322952
5,POP001L12P,9.457084
5,POP015K,0.0
5,SO0005L04P,0.0
5,SO0002L09P,0.0
5,SO0001L12P,0.0
5,SO0500M24P,0.0
5,POP005L04P,1.1259733333333335
5,POP002L09P,1.619982
5,POP001L12P.1,3.404492
5,POP500M24P,1.9401199999999998
5,POPF01L12P,2.931656
5,AT5X5K,31.5
5,ATN02K12P,20.7104
5,ATN01K24P,82.76
5,MAR02K12P,3.4552
5,MAR01K24P,16.7608
5,ATWWP002K12P,0.0016
5,ATWWP001K24P,1.0528
5,MASR025K,2.5366666666666666
5,MAHS025K,0.8208333333333333
5,SE500G24P,4.8756
5,SE200G24P,0.39392
5,ATPPCH5X5K,0.0
5,ATPA1K24P,0.0
5,MAPA1K24P,0.0
5,MAP1K25P,0.08
5,MAC1K25P,0.20400000000000004
5,EEA500G12P,0.0
5,EEA200G24P,0.0
6,SOS008L02P,8.664192000000002
6,SOS005L04P,122.87519999999999
6,SOS003L04P,11.415728000000001
6,SOS002L09P,88.58164800000002
6,SOS001L12P,96.676544
6,SOS500M24P,36.538352
6,SOS250M48P,4.355648
6,SOP001L12P,1.113936
6,POV005L04P,3.158306666666667
6,POV002L09P,5.072886
6,POV001L24P,12.556908
6,POV500M24P,7.879872000000001
6,POP001L12P,9.550996
6,POP015K,0.0
6,SO0005L04P,0.0
6,SO0002L09P,0.0
6,SO0001L12P,0.0
6,SO0500M24P,0.0
6,POP005L04P,1.1890666666666665
6,POP002L09P,1.648374
6,POP001L12P.1,3.404492
6,POP500M24P,2.0114639999999997
6,POPF01L12P,3.1143840000000003
6,AT5X5K,30.666666666666668
6,ATN02K12P,20.790399999999998
6,ATN01K24P,81.16000000000001
6,MAR02K12P,3.6895999999999995
6,MAR01K24P,16.9208
6,ATWWP002K12P,0.0016
6,ATWWP001K24P,0.3464
6,MASR025K,2.6166666666666667
6,MAHS025K,0.7758333333333333
6,SE500G24P,4.795599999999999
6,SE200G24P,0.34672000000000003
6,ATPPCH5X5K,0.0
6,ATPA1K24P,0.0
6,MAPA1K24P,0.0
6,MAP1K25P,0.08
6,MAC1K25P,0.20400000000000004
6,EEA500G12P,0.0
6,EEA200G24P,0.0
7,SOS008L02P,8.664192000000002
7,SOS005L04P,125.15986666666667
7,SOS003L04P,11.414256000000002
7,SOS002L09P,97.13930400000001
7,SOS001L12P,99.64667200000001
7,SOS500M24P,38.562352000000004
7,SOS250M48P,3.6866240000000006
7,SOP001L12P,1.077136
7,POV005L04P,3.643033333333334
7,POV002L09P,5.8924319999999994
7,POV001L24P,12.156144000000001
7,POV500M24P,8.395296
7,POP001L12P,9.062872
7,POP015K,0.0
7,SO0005L04P,0.0
7,SO0002L09P,0.0
7,SO0001L12P,0.0
7,SO0500M24P,0.0
7,POP005L04P,1.1890666666666665
7,POP002L09P,1.814358
7,POP001L12P.1,3.593044
7,POP500M24P,2.0114639999999997
7,POPF01L12P,3.504592
7,AT5X5K,29.416666666666668
7,ATN02K12P,20.790399999999998
7,ATN01K24P,81.96000000000001
7,MAR02K12P,3.6895999999999995
7,MAR01K24P,16.9448
7,ATWWP002K12P,0.0016
7,ATWWP001K24P,0.3464
7,MASR025K,2.7841666666666667
7,MAHS025K,0.8591666666666666
7,SE500G24P,4.8556
7,SE200G24P,0.3624
7,ATPPCH5X5K,0.0
7,ATPA1K24P,0.0
7,MAPA1K24P,0.0
7,MAP1K25P,0.08
7,MAC1K25P,0.20080000000000003
7,EEA500G12P,0.0
7,EEA200G24P,0.0
8,SOS008L02P,8.664192000000002
8,SOS005L04P,129.31397333333334
8,SOS003L04P,12.881104
8,SOS002L09P,100.47890400000001
8,SOS001L12P,101.11867200000002
8,SOS500M24P,40.306304000000004
8,SOS250M48P,2.592192
8,SOP001L12P,1.2132960000000002
8,POV005L04P,4.132006666666667
8,POV002L09P,6.168162
8,POV001L24P,12.555452
8,POV500M24P,8.622796
8,POP001L12P,8.864856
8,POP015K,0.0
8,SO0005L04P,0.0
8,SO0002L09P,0.0
8,SO0001L12P,0.0
8,SO0500M24P,0.0
8,POP005L04P,1.4329466666666666
8,POP002L09P,1.980342
8,POP001L12P.1,4.271176
8,POP500M24P,2.0114639999999997
8,POPF01L12P,3.7437400000000003
8,AT5X5K,28.166666666666668
8,ATN02K12P,19.9904
8,ATN01K24P,80.36
8,MAR02K12P,3.5296
8,MAR01K24P,16.7848
8,ATWWP002K12P,0.0016
8,ATWWP001K24P,0.0
8,MASR025K,3.105833333333334
8,MAHS025K,0.8591666666666666
8,SE500G24P,4.9879999999999995
8,SE200G24P,0.35248
8,ATPPCH5X5K,0.0
8,ATPA1K24P,0.0
8,MAPA1K24P,0.0
8,MAP1K25P,0.08
8,MAC1K25P,0.20080000000000003
8,EEA500G12P,0.0
8,EEA200G24P,0.0
9,SOS008L02P,8.664192000000002
9,SOS005L04P,132.34568000000002
9,SOS003L04P,13.373488
9,SOS002L09P,103.791456
9,SOS001L12P,101.587872
9,SOS500M24P,41.20900800000001
9,SOS250M48P,2.592192
9,SOP001L12P,1.1389600000000002
9,POV005L04P,3.9494
9,POV002L09P,6.168162
9,POV001L24P,13.460355999999999
9,POV500M24P,8.440796
9,POP001L12P,8.391656000000001
9,POP015K,0.0
9,SO0005L04P,0.0
9,SO0002L09P,0.0
9,SO0001L12P,0.0
9,SO0500M24P,0.0
9,POP005L04P,1.4329466666666666
9,POP002L09P,1.980342
9,POP001L12P.1,4.283188
9,POP500M24P,2.376192
9,POPF01L12P,3.7437400000000003
9,AT5X5K,26.5
9,ATN02K12P,19.4304
9,ATN01K24P,78.72
9,MAR02K12P,3.7696
9,MAR01K24P,15.2648
9,ATWWP002K12P,0.0016
9,ATWWP001K24P,0.0
9,MASR025K,2.6808333333333336
9,MAHS025K,0.6925
9,SE500G24P,4.960999999999999
9,SE200G24P,0.41648
9,ATPPCH5X5K,0.0
9,ATPA1K24P,0.0
9,MAPA1K24P,0.0
9,MAP1K25P,0.08
9,MAC1K25P,0.20080000000000003
9,EEA500G12P,0.0
9,EEA200G24P,0.0
10,SOS008L02P,7.682858666666667
10,SOS005L04P,133.53738666666666
10,SOS003L04P,12.43288
10,SOS002L09P,105.723456
10,SOS001L12P,98.2836
10,SOS500M24P,41.210480000000004
10,SOS250M48P,2.592192
10,SOP001L12P,1.1021600000000003
10,POV005L04P,3.582973333333334
10,POV002L09P,6.497946
10,POV001L24P,13.66456
10,POV500M24P,8.259888
10,POP001L12P,8.234408
10,POP015K,0.0
10,SO0005L04P,0.0
10,SO0002L09P,0.0
10,SO0001L12P,0.0
10,SO0500M24P,0.0
10,POP005L04P,1.37228
10,POP002L09P,2.092818
10,POP001L12P.1,4.16598
10,POP500M24P,2.166528
10,POPF01L12P,3.564288
10,AT5X5K,25.666666666666668
10,ATN02K12P,19.4304
10,ATN01K24P,75.92
10,MAR02K12P,3.5296000000000003
10,MAR01K24P,15.5808
10,ATWWP002K12P,0.0016
10,ATWWP001K24P,0.0
10,MASR025K,2.4983333333333335
10,MAHS025K,0.6925
10,SE500G24P,4.9974
10,SE200G24P,0.3208
10,ATPPCH5X5K,0.0
10,ATPA1K24P,0.0
10,MAPA1K24P,0.0
10,MAP1K25P,0.08
10,MAC1K25P,0.20080000000000003
10,EEA500G12P,0.0
10,EEA200G24P,0.0
11,SOS008L02P,6.939989333333333
11,SOS005L04P,129.02877333333333
11,SOS003L04P,12.43288
11,SOS002L09P,99.215376
11,SOS001L12P,95.249808
11,SOS500M24P,40.15064
11,SOS250M48P,2.592192
11,SOP001L12P,1.1021600000000003
11,POV005L04P,3.582973333333334
11,POV002L09P,7.328411999999999
11,POV001L24P,13.662012
11,POV500M24P,8.441888
11,POP001L12P,7.923188
11,POP015K,0.0
11,SO0005L04P,0.0
11,SO0002L09P,0.0
11,SO0001L12P,0.0
11,SO0500M24P,0.0
11,POP005L04P,1.37228
11,POP002L09P,2.36691
11,POP001L12P.1,4.067336
11,POP500M24P,2.275728
11,POPF01L12P,3.564288
11,AT5X5K,24.833333333333332
11,ATN02K12P,18.2304
11,ATN01K24P,72.32
11,MAR02K12P,3.2896
11,MAR01K24P,15.620800000000001
11,ATWWP002K12P,0.6375999999999998
11,ATWWP001K24P,1.96
11,MASR025K,2.493333333333333
11,MAHS025K,0.7358333333333333
11,SE500G24P,4.8974
11,SE200G24P,0.3368
11,ATPPCH5X5K,0.0
11,ATPA1K24P,0.0
11,MAPA1K24P,0.0
11,MAP1K25P,0.08
11,MAC1K25P,0.17440000000000003
11,EEA500G12P,0.0
11,EEA200G24P,0.0
12,SOS008L02P,6.939989333333333
12,SOS005L04P,130.8608
12,SOS003L04P,13.544608000000002
12,SOS002L09P,100.17585600000001
12,SOS001L12P,98.062064
12,SOS500M24P,40.775504
12,SOS250M48P,2.592192
12,SOP001L12P,1.1021600000000003
12,POV005L04P,3.886306666666667
12,POV002L09P,6.507228
12,POV001L24P,14.80752
12,POV500M24P,8.990435999999999
12,POP001L12P,8.571108
12,POP015K,0.0
12,SO0005L04P,0.0
12,SO0002L09P,0.0
12,SO0001L12P,0.0
12,SO0500M24P,0.0
12,POP005L04P,1.37228
12,POP002L09P,2.086266
12,POP001L12P.1,4.067336
12,POP500M24P,2.4580919999999997
12,POPF01L12P,3.673488
12,AT5X5K,24.0
12,ATN02K12P,17.110400000000002
12,ATN01K24P,68.32
12,MAR02K12P,3.0496
12,MAR01K24P,14.7408
12,ATWWP002K12P,0.6375999999999998
12,ATWWP001K24P,1.96
12,MASR025K,2.493333333333333
12,MAHS025K,0.7358333333333333
12,SE500G24P,4.7574
12,SE200G24P,0.3528
12,ATPPCH5X5K,0.0
12,ATPA1K24P,0.0
12,MAPA1K24P,0.0
12,MAP1K25P,0.08
12,MAC1K25P,0.17440000000000003
12,EEA500G12P,0.0
12,EEA200G24P,0.0
13,SOS008L02P,7.921322666666667
13,SOS005L04P,133.02096
13,SOS003L04P,13.544608000000002
13,SOS002L09P,99.623856
13,SOS001L12P,98.79806400000001
13,SOS500M24P,42.274368
13,SOS250M48P,2.592192
13,SOP001L12P,1.223232
13,POV005L04P,3.8863066666666666
13,POV002L09P,6.675942
13,POV001L24P,15.882048000000001
13,POV500M24P,8.733816000000001
13,POP001L12P,8.301748
13,POP015K,0.0
13,SO0005L04P,0.0
13,SO0002L09P,0.0
13,SO0001L12P,0.0
13,SO0500M24P,0.0
13,POP005L04P,1.3116133333333333
13,POP002L09P,2.086266
13,POP001L12P.1,4.069884
13,POP500M24P,2.420236
13,POPF01L12P,3.861312
13,AT5X5K,24.416666666666668
13,ATN02K12P,17.5104
13,ATN01K24P,65.12
13,MAR02K12P,3.0496
13,MAR01K24P,13.9408
13,ATWWP002K12P,0.6375999999999998
13,ATWWP001K24P,1.96
13,MASR025K,2.45
13,MAHS025K,0.7358333333333333
13,SE500G24P,4.6174
13,SE200G24P,0.35296
13,ATPPCH5X5K,0.0
13,ATPA1K24P,0.0
13,MAPA1K24P,0.0
13,MAP1K25P,0.08
13,MAC1K25P,0.17440000000000003
13,EEA500G12P,0.0
13,EEA200G24P,0.0
14,SOS008L02P,7.713770666666666
14,SOS005L04P,136.72488
14,SOS003L04P,13.011376000000002
14,SOS002L09P,95.67540000000001
14,SOS001L12P,97.563424
14,SOS500M24P,40.77587200000001
14,SOS250M48P,3.3160480000000008
14,SOP001L12P,1.1459520000000003
14,POV005L04P,4.432306666666666
14,POV002L09P,7.2290399999999995
14,POV001L24P,16.974048
14,POV500M24P,9.82618
14,POP001L12P,8.179444
14,POP015K,0.0
14,SO0005L04P,0.0
14,SO0002L09P,0.0
14,SO0001L12P,0.0
14,SO0500M24P,0.0
14,POP005L04P,1.3116133333333333
14,POP002L09P,2.1408660000000004
14,POP001L12P.1,4.069884
14,POP500M24P,2.64082
14,POPF01L12P,4.043311999999999
14,AT5X5K,24.833333333333332
14,ATN02K12P,17.9104
14,ATN01K24P,65.92
14,MAR02K12P,3.0496
14,MAR01K24P,14.3208
14,ATWWP002K12P,0.6375999999999998
14,ATWWP001K24P,1.96
14,MASR025K,2.3291666666666666
14,MAHS025K,0.7358333333333333
14,SE500G24P,4.517399999999999
14,SE200G24P,0.35296
14,ATPPCH5X5K,0.0
14,ATPA1K24P,0.0
14,MAPA1K24P,0.0
14,MAP1K25P,0.08
14,MAC1K25P,0.17440000000000003
14,EEA500G12P,0.0
14,EEA200G24P,0.0
15,SOS008L02P,8.099434666666667
15,SOS005L04P,139.37816000000004
15,SOS003L04P,12.253296000000002
15,SOS002L09P,95.467296
15,SOS001L12P,97.568208
15,SOS500M24P,38.77211200000001
15,SOS250M48P,4.909120000000001
15,SOP001L12P,1.467216
15,POV005L04P,5.038973333333333
15,POV002L09P,7.659288
15,POV001L24P,17.828356
15,POV500M24P,9.714796000000002
15,POP001L12P,7.946484
15,POP015K,0.0
15,SO0005L04P,0.0
15,SO0002L09P,0.0
15,SO0001L12P,0.0
15,SO0500M24P,0.0
15,POP005L04P,1.79816
15,POP002L09P,2.580396
15,POP001L12P.1,4.10592
15,POP500M24P,2.6044199999999997
15,POPF01L12P,3.89298
15,AT5X5K,25.5
15,ATN02K12P,17.9104
15,ATN01K24P,67.92
15,MAR02K12P,3.0616
15,MAR01K24P,15.184800000000001
15,ATWWP002K12P,0.6375999999999998
15,ATWWP001K24P,1.96
15,MASR025K,2.0791666666666666
15,MAHS025K,0.6108333333333333
15,SE500G24P,4.4174
15,SE200G24P,0.35296
15,ATPPCH5X5K,0.0
15,ATPA1K24P,0.0
15,MAPA1K24P,0.0
15,MAP1K25P,0.08
15,MAC1K25P,0.23840000000000003
15,EEA500G12P,0.0
15,EEA200G24P,0.0
16,SOS008L02P,9.140629333333333
16,SOS005L04P,143.13850666666667
16,SOS003L04P,11.332928000000003
16,SOS002L09P,94.047552
16,SOS001L12P,98.428592
16,SOS500M24P,39.761296
16,SOS250M48P,4.948496000000001
16,SOP001L12P,1.3917760000000001
16,POV005L04P,5.281033333333332
16,POV002L09P,7.383011999999999
16,POV001L24P,17.827992
16,POV500M24P,9.54408
16,POP001L12P,8.306844
16,POP015K,0.0
16,SO0005L04P,0.0
16,SO0002L09P,0.0
16,SO0001L12P,0.0
16,SO0500M24P,0.0
16,POP005L04P,1.7374933333333331
16,POP002L09P,2.4144119999999996
16,POP001L12P.1,4.108467999999999
16,POP500M24P,2.6779479999999998
16,POPF01L12P,3.828552
16,AT5X5K,26.75
16,ATN02K12P,17.9104
16,ATN01K24P,71.11999999999999
16,MAR02K12P,3.0616
16,MAR01K24P,16.5048
16,ATWWP002K12P,0.6375999999999998
16,ATWWP001K24P,1.96
16,MASR025K,1.6625
16,MAHS025K,0.6108333333333333
16,SE500G24P,4.3774
16,SE200G24P,0.4489599999999999
16,ATPPCH5X5K,0.0
16,ATPA1K24P,0.0
16,MAPA1K24P,0.0
16,MAP1K25P,0.0
16,MAC1K25P,0.23840000000000003
16,EEA500G12P,0.0
16,EEA200G24P,0.0
17,SOS008L02P,9.517461333333333
17,SOS005L04P,142.66930666666667
17,SOS003L04P,10.466287999999999
17,SOS002L09P,93.530328
17,SOS001L12P,99.17710400000001
17,SOS500M24P,41.60056
17,SOS250M48P,3.586528
17,SOP001L12P,1.3917760000000001
17,POV005L04P,5.0377600000000005
17,POV002L09P,7.10346
17,POV001L24P,17.282719999999998
17,POV500M24P,9.896067999999998
17,POP001L12P,8.259888
17,POP015K,0.0
17,SO0005L04P,0.0
17,SO0002L09P,0.0
17,SO0001L12P,0.0
17,SO0500M24P,0.0
17,POP005L04P,1.6464933333333334
17,POP002L09P,2.3041199999999997
17,POP001L12P.1,4.060784
17,POP500M24P,2.859948
17,POPF01L12P,3.608696
17,AT5X5K,27.166666666666668
17,ATN02K12P,17.5104
17,ATN01K24P,72.72
17,MAR02K12P,2.9
17,MAR01K24P,17.3688
17,ATWWP002K12P,0.6375999999999998
17,ATWWP001K24P,1.96
17,MASR025K,1.8766666666666665
17,MAHS025K,0.6525
17,SE500G24P,4.3374
17,SE200G24P,0.44800000000000006
17,ATPPCH5X5K,0.0
17,ATPA1K24P,0.0
17,MAPA1K24P,0.0
17,MAP1K25P,0.0
17,MAC1K25P,0.23840000000000003
17,EEA500G12P,0.0
17,EEA200G24P,0.0
18,SOS008L02P,10.261802666666666
18,SOS005L04P,141.50029333333336
18,SOS003L04P,10.641456
18,SOS002L09P,93.17152800000001
18,SOS001L12P,97.99435199999999
18,SOS500M24P,41.84638400000001
18,SOS250M48P,3.584688
18,SOP001L12P,1.43888
18,POV005L04P,5.0377600000000005
18,POV002L09P,7.939932
18,POV001L24P,18.01072
18,POV500M24P,10.262251999999998
18,POP001L12P,8.182356
18,POP015K,0.0
18,SO0005L04P,0.0
18,SO0002L09P,0.0
18,SO0001L12P,0.0
18,SO0500M24P,0.0
18,POP005L04P,1.6464933333333334
18,POP002L09P,2.578212
18,POP001L12P.1,4.424784000000001
18,POP500M24P,2.859948
18,POPF01L12P,3.506776
18,AT5X5K,25.916666666666668
18,ATN02K12P,17.110400000000002
18,ATN01K24P,71.11999999999999
18,MAR02K12P,2.5
18,MAR01K24P,16.7288
18,ATWWP002K12P,0.6375999999999998
18,ATWWP001K24P,1.96
18,MASR025K,2.04
18,MAHS025K,0.5700000000000001
18,SE500G24P,4.4974
18,SE200G24P,0.44800000000000006
18,ATPPCH5X5K,0.0
18,ATPA1K24P,0.0
18,MAPA1K24P,0.0
18,MAP1K25P,0.0
18,MAC1K25P,0.23840000000000003
18,EEA500G12P,0.0
18,EEA200G24P,0.0
19,SOS008L02P,10.260330666666668
19,SOS005L04P,147.66
19,SOS003L04P,10.7548
19,SOS002L09P,98.463
19,SOS001L12P,100.34550399999999
19,SOS500M24P,42.855072
19,SOS250M48P,3.584688
19,SOP001L12P,1.58056
19,POV005L04P,4.825426666666667
19,POV002L09P,7.939932
19,POV001L24P,18.620055999999998
19,POV500M24P,10.552724000000001
19,POP001L12P,8.239504
19,POP015K,0.0
19,SO0005L04P,0.0
19,SO0002L09P,0.0
19,SO0001L12P,0.0
19,SO0500M24P,0.0
19,POP005L04P,1.5858266666666665
19,POP002L09P,2.578212
19,POP001L12P.1,4.712344
19,POP500M24P,2.823548
19,POPF01L12P,3.3757360000000003
19,AT5X5K,24.25
19,ATN02K12P,16.3104
19,ATN01K24P,69.52
19,MAR02K12P,2.9040000000000004
19,MAR01K24P,17.278399999999998
19,ATWWP002K12P,0.6375999999999998
19,ATWWP001K24P,1.96
19,MASR025K,2.04
19,MAHS025K,0.5808333333333333
19,SE500G24P,4.5774
19,SE200G24P,0.40800000000000003
19,ATPPCH5X5K,0.0
19,ATPA1K24P,0.0
19,MAPA1K24P,0.0
19,MAP1K25P,0.0
19,MAC1K25P,0.23840000000000003
19,EEA500G12P,0.0
19,EEA200G24P,0.0
20,SOS008L02P,9.278016000000001
20,SOS005L04P,153.17877333333334
20,SOS003L04P,11.692096
20,SOS002L09P,103.429344
20,SOS001L12P,101.8164
20,SOS500M24P,44.094496
20,SOS250M48P,3.584688
20,SOP001L12P,1.6453280000000001
20,POV005L04P,4.825426666666667
20,POV002L09P,7.939932
20,POV001L24P,19.807788000000002
20,POV500M24P,10.630984000000002
20,POP001L12P,8.239504
20,POP015K,0.0
20,SO0005L04P,0.0
20,SO0002L09P,0.0
20,SO0001L12P,0.0
20,SO0500M24P,0.0
20,POP005L04P,1.5858266666666665
20,POP002L09P,2.578212
20,POP001L12P.1,4.560919999999999
20,POP500M24P,2.859584
20,POPF01L12P,3.22322
20,AT5X5K,24.666666666666668
20,ATN02K12P,16.7104
20,ATN01K24P,69.52
20,MAR02K12P,3.3040000000000003
20,MAR01K24P,16.8784
20,ATWWP002K12P,0.6375999999999998
20,ATWWP001K24P,1.96
20,MASR025K,2.2066666666666666
20,MAHS025K,0.5924999999999999
20,SE500G24P,4.7774
20,SE200G24P,0.376
20,ATPPCH5X5K,0.0
20,ATPA1K24P,0.0
20,MAPA1K24P,0.0
20,MAP1K25P,0.0
20,MAC1K25P,0.21839999999999998
20,EEA500G12P,0.0
20,EEA200G24P,0.0
21,SOS008L02P,8.772629333333333
21,SOS005L04P,157.46290666666667
21,SOS003L04P,11.692096
21,SOS002L09P,108.77546400000001
21,SOS001L12P,103.164752
21,SOS500M24P,45.328768000000004
21,SOS250M48P,3.584688
21,SOP001L12P,1.6453280000000001
21,POV005L04P,4.825426666666667
21,POV002L09P,7.938839999999999
21,POV001L24P,19.443787999999998
21,POV500M24P,10.448984
21,POP001L12P,7.874048
21,POP015K,0.0
21,SO0005L04P,0.0
21,SO0002L09P,0.0
21,SO0001L12P,0.0
21,SO0500M24P,0.0
21,POP005L04P,1.5858266666666665
21,POP002L09P,2.578212
21,POP001L12P.1,4.488119999999999
21,POP500M24P,2.819544
21,POPF01L12P,3.1824519999999996
21,AT5X5K,24.25
21,ATN02K12P,16.3104
21,ATN01K24P,67.52000000000001
21,MAR02K12P,3.3040000000000003
21,MAR01K24P,16.4816
21,ATWWP002K12P,0.6375999999999998
21,ATWWP001K24P,1.96
21,MASR025K,2.2066666666666666
21,MAHS025K,0.5924999999999999
21,SE500G24P,5.111
21,SE200G24P,0.376
21,ATPPCH5X5K,0.0
21,ATPA1K24P,0.0
21,MAPA1K24P,0.0
21,MAP1K25P,0.0
21,MAC1K25P,0.21839999999999998
21,EEA500G12P,0.0
21,EEA200G24P,0.0
22,SOS008L02P,8.281962666666667
22,SOS005L04P,162.46464000000003
22,SOS003L04P,12.600320000000002
22,SOS002L09P,111.25836000000001
22,SOS001L12P,104.144368
22,SOS500M24P,45.69419200000001
22,SOS250M48P,3.584688
22,SOP001L12P,1.6453280000000001
22,POV005L04P,5.0074266666666665
22,POV002L09P,8.316126
22,POV001L24P,19.953024000000003
22,POV500M24P,10.889788000000001
22,POP001L12P,7.508956
22,POP015K,0.0
22,SO0005L04P,0.0
22,SO0002L09P,0.0
22,SO0001L12P,0.0
22,SO0500M24P,0.0
22,POP005L04P,1.5858266666666665
22,POP002L09P,2.630628
22,POP001L12P.1,4.4513560000000005
22,POP500M24P,2.819544
22,POPF01L12P,3.49622
22,AT5X5K,24.666666666666668
22,ATN02K12P,16.3104
22,ATN01K24P,70.32
22,MAR02K12P,3.3040000000000003
22,MAR01K24P,17.2816
22,ATWWP002K12P,0.6375999999999998
22,ATWWP001K24P,1.96
22,MASR025K,2.3733333333333335
22,MAHS025K,0.6341666666666667
22,SE500G24P,5.310999999999999
22,SE200G24P,0.44032
22,ATPPCH5X5K,0.0
22,ATPA1K24P,0.0
22,MAPA1K24P,0.0
22,MAP1K25P,0.0
22,MAC1K25P,0.21839999999999998
22,EEA500G12P,0.0
22,EEA200G24P,0.0
23,SOS008L02P,7.788842666666667
23,SOS005L04P,166.0501866666667
23,SOS003L04P,14.215104
23,SOS002L09P,110.340936
23,SOS001L12P,105.399616
23,SOS500M24P,46.371312
23,SOS250M48P,3.584688
23,SOP001L12P,1.3494560000000002
23,POV005L04P,4.5827599999999995
23,POV002L09P,7.767942
23,POV001L24P,20.315203999999998
23,POV500M24P,10.487204
23,POP001L12P,7.953036
23,POP015K,0.0
23,SO0005L04P,0.0
23,SO0002L09P,0.0
23,SO0001L12P,0.0
23,SO0500M24P,0.0
23,POP005L04P,1.4644933333333332
23,POP002L09P,2.592954
23,POP001L12P.1,4.4513560000000005
23,POP500M24P,2.819544
23,POPF01L12P,3.340792
23,AT5X5K,25.083333333333332
23,ATN02K12P,16.7104
23,ATN01K24P,72.72
23,MAR02K12P,3.064
23,MAR01K24P,17.6816
23,ATWWP002K12P,0.6375999999999998
23,ATWWP001K24P,1.96
23,MASR025K,2.4650000000000003
23,MAHS025K,0.6741666666666666
23,SE500G24P,5.510999999999999
23,SE200G24P,0.44032
23,ATPPCH5X5K,0.0
23,ATPA1K24P,0.0
23,MAPA1K24P,0.0
23,MAP1K25P,0.0
23,MAC1K25P,0.21839999999999998
23,EEA500G12P,0.0
23,EEA200G24P,0.0
24,SOS008L02P,7.292778666666667
24,SOS005L04P,168.35141333333334
24,SOS003L04P,14.215104
24,SOS002L09P,108.47904
24,SOS001L12P,105.225184
24,SOS500M24P,46.054832000000005
24,SOS250M48P,3.584688
24,SOP001L12P,1.3494560000000002
24,POV005L04P,4.461426666666667
24,POV002L09P,7.767942
24,POV001L24P,19.404839999999997
24,POV500M24P,10.487204
24,POP001L12P,7.695323999999999
24,POP015K,0.0
24,SO0005L04P,0.0
24,SO0002L09P,0.0
24,SO0001L12P,0.0
24,SO0500M24P,0.0
24,POP005L04P,1.2824933333333335
24,POP002L09P,2.592954
24,POP001L12P.1,5.180812
24,POP500M24P,2.819544
24,POPF01L12P,3.2952920000000003
24,AT5X5K,24.666666666666668
24,ATN02K12P,16.3104
24,ATN01K24P,73.52
24,MAR02K12P,2.504
24,MAR01K24P,16.872
24,ATWWP002K12P,0.6375999999999998
24,ATWWP001K24P,1.96
24,MASR025K,2.0983333333333336
24,MAHS025K,0.625
24,SE500G24P,6.010999999999999
24,SE200G24P,0.48031999999999997
24,ATPPCH5X5K,0.0
24,ATPA1K24P,0.0
24,MAPA1K24P,0.0
24,MAP1K25P,0.0
24,MAC1K25P,0.21839999999999998
24,EEA500G12P,0.0
24,EEA200G24P,0.0
25,SOS008L02P,7.292778666666667
25,SOS005L04P,165.26818666666668
25,SOS003L04P,13.283695999999999
25,SOS002L09P,109.03048800000002
25,SOS001L12P,104.85571200000001
25,SOS500M24P,45.586736
25,SOS250M48P,3.583216
25,SOP001L12P,1.180544
25,POV005L04P,4.8867
25,POV002L09P,8.481563999999999
25,POV001L24P,19.58502
25,POV500M24P,10.192728
25,POP001L12P,7.647276000000001
25,POP015K,0.0
25,SO0005L04P,0.0
25,SO0002L09P,0.0
25,SO0001L12P,0.0
25,SO0500M24P,0.0
25,POP005L04P,1.2824933333333335
25,POP002L09P,2.591862
25,POP001L12P.1,5.695508
25,POP500M24P,2.7099800000000003
25,POPF01L12P,3.380104
25,AT5X5K,25.5
25,ATN02K12P,16.7104
25,ATN01K24P,75.92
25,MAR02K12P,2.664
25,MAR01K24P,17.032
25,ATWWP002K12P,0.6375999999999998
25,ATWWP001K24P,1.96
25,MASR025K,2.26
25,MAHS025K,0.6158333333333332
25,SE500G24P,6.411
25,SE200G24P,0.48031999999999997
25,ATPPCH5X5K,0.0
25,ATPA1K24P,0.0
25,MAPA1K24P,0.0
25,MAP1K25P,0.0
25,MAC1K25P,0.21839999999999998
25,EEA500G12P,0.0
25,EEA200G24P,0.0
26,SOS008L02P,7.292778666666667
26,SOS005L04P,173.04034666666666
26,SOS003L04P,13.708
26,SOS002L09P,110.116824
26,SOS001L12P,108.82974399999999
26,SOS500M24P,45.698976
26,SOS250M48P,3.583216
26,SOP001L12P,1.180544
26,POV005L04P,4.8867
26,POV002L09P,8.481563999999999
26,POV001L24P,20.020728000000002
26,POV500M24P,11.033204000000001
26,POP001L12P,8.193276000000001
26,POP015K,0.0
26,SO0005L04P,0.0
26,SO0002L09P,0.0
26,SO0001L12P,0.0
26,SO0500M24P,0.0
26,POP005L04P,1.2824933333333335
26,POP002L09P,2.591862
26,POP001L12P.1,5.988528
26,POP500M24P,2.9651440000000004
26,POPF01L12P,3.562104
26,AT5X5K,26.333333333333332
26,ATN02K12P,16.916
26,ATN01K24P,77.11999999999999
26,MAR02K12P,2.824
26,MAR01K24P,16.996
26,ATWWP002K12P,0.6375999999999998
26,ATWWP001K24P,1.96
26,MASR025K,2.496666666666667
26,MAHS025K,0.49083333333333334
26,SE500G24P,6.7909999999999995
26,SE200G24P,0.48031999999999997
26,ATPPCH5X5K,0.0
26,ATPA1K24P,0.0
26,MAPA1K24P,0.0
26,MAP1K25P,0.0
26,MAC1K25P,0.21839999999999998
26,EEA500G12P,0.0
26,EEA200G24P,0.0
27,SOS008L02P,7.292778666666667
27,SOS005L04P,184.08034666666668
27,SOS003L04P,14.446576
27,SOS002L09P,111.234072
27,SOS001L12P,111.77374400000001
27,SOS500M24P,45.33576000000001
27,SOS250M48P,3.583216
27,SOP001L12P,1.180544
27,POV005L04P,4.8867
27,POV002L09P,8.151779999999999
27,POV001L24P,20.39492
27,POV500M24P,11.598132
27,POP001L12P,8.5722
27,POP015K,0.0
27,SO0005L04P,0.0
27,SO0002L09P,0.0
27,SO0001L12P,0.0
27,SO0500M24P,0.0
27,POP005L04P,1.2824933333333335
27,POP002L09P,2.535624
27,POP001L12P.1,6.172712
27,POP500M24P,2.9651440000000004
27,POPF01L12P,3.563924
27,AT5X5K,26.75
27,ATN02K12P,16.596
27,ATN01K24P,77.6
27,MAR02K12P,2.984
27,MAR01K24P,16.004
27,ATWWP002K12P,0.6375999999999998
27,ATWWP001K24P,1.96
27,MASR025K,2.6633333333333336
27,MAHS025K,0.4908333333333334
27,SE500G24P,7.176
27,SE200G24P,0.5923200000000001
27,ATPPCH5X5K,0.0
27,ATPA1K24P,0.0
27,MAPA1K24P,0.0
27,MAP1K25P,0.0
27,MAC1K25P,0.21839999999999998
27,EEA500G12P,0.0
27,EEA200G24P,0.0
28,SOS008L02P,7.292778666666667
28,SOS005L04P,184.43362666666664
28,SOS003L04P,14.908048
28,SOS002L09P,109.581936
28,SOS001L12P,110.86883199999998
28,SOS500M24P,44.598288000000004
28,SOS250M48P,3.583216
28,SOP001L12P,1.180544
28,POV005L04P,4.8867
28,POV002L09P,8.371818
28,POV001L24P,20.251140000000003
28,POV500M24P,11.015004
28,POP001L12P,8.865219999999999
28,POP015K,0.0
28,SO0005L04P,0.0
28,SO0002L09P,0.0
28,SO0001L12P,0.0
28,SO0500M24P,0.0
28,POP005L04P,1.2824933333333335
28,POP002L09P,2.6459159999999997
28,POP001L12P.1,5.990347999999999
28,POP500M24P,2.9928079999999997
28,POPF01L12P,3.38156
28,AT5X5K,25.5
28,ATN02K12P,16.356
28,ATN01K24P,75.2
28,MAR02K12P,2.9840000000000004
28,MAR01K24P,16.004
28,ATWWP002K12P,0.6359999999999999
28,ATWWP001K24P,1.96
28,MASR025K,2.6633333333333336
28,MAHS025K,0.47583333333333333
28,SE500G24P,7.076
28,SE200G24P,0.53952
28,ATPPCH5X5K,0.0
28,ATPA1K24P,0.0
28,MAPA1K24P,0.0
28,MAP1K25P,0.0
28,MAC1K25P,0.21839999999999998
28,EEA500G12P,0.0
28,EEA200G24P,0.0
29,SOS008L02P,7.292778666666667
29,SOS005L04P,187.24146666666667
29,SOS003L04P,14.637936000000002
29,SOS002L09P,106.25613600000001
29,SOS001L12P,110.500832
29,SOS500M24P,45.774784
29,SOS250M48P,2.6643200000000005
29,SOP001L12P,1.333264
29,POV005L04P,5.190033333333333
29,POV002L09P,8.36745
29,POV001L24P,20.429864000000002
29,POV500M24P,11.308024
29,POP001L12P,8.95622
29,POP015K,0.0
29,SO0005L04P,0.0
29,SO0002L09P,0.0
29,SO0001L12P,0.0
29,SO0500M24P,0.0
29,POP005L04P,1.34316
29,POP002L09P,2.700516
29,POP001L12P.1,5.953948
29,POP500M24P,3.0670640000000002
29,POPF01L12P,3.3102159999999996
29,AT5X5K,24.5
29,ATN02K12P,15.556000000000001
29,ATN01K24P,74.4
29,MAR02K12P,2.9840000000000004
29,MAR01K24P,16.016000000000002
29,ATWWP002K12P,0.6359999999999999
29,ATWWP001K24P,1.96
29,MASR025K,2.6525000000000003
29,MAHS025K,0.4491666666666667
29,SE500G24P,7.476
29,SE200G24P,0.5875199999999999
29,ATPPCH5X5K,0.0
29,ATPA1K24P,0.0
29,MAPA1K24P,0.0
29,MAP1K25P,0.0
29,MAC1K25P,0.0984
29,EEA500G12P,0.0
29,EEA200G24P,0.0
30,SOS008L02P,8.517973333333334
30,SOS005L04P,191.27597333333335
30,SOS003L04P,14.626896
30,SOS002L09P,104.213184
30,SOS001L12P,113.261936
30,SOS500M24P,45.78656
30,SOS250M48P,2.6639520000000005
30,SOP001L12P,1.35424
30,POV005L04P,5.190033333333333
30,POV002L09P,8.364174
30,POV001L24P,20.575100000000003
30,POV500M24P,11.549355999999998
30,POP001L12P,9.068696
30,POP015K,0.0
30,SO0005L04P,0.0
30,SO0002L09P,0.0
30,SO0001L12P,0.0
30,SO0500M24P,0.0
30,POP005L04P,1.4038266666666666
30,POP002L09P,2.755116
30,POP001L12P.1,5.993988
30,POP500M24P,3.140956
30,POPF01L12P,3.330236
30,AT5X5K,23.5
30,ATN02K12P,14.916
30,ATN01K24P,73.6
30,MAR02K12P,2.9840000000000004
30,MAR01K24P,16.644000000000002
30,ATWWP002K12P,0.6607999999999999
30,ATWWP001K24P,1.96
30,MASR025K,2.4858333333333333
30,MAHS025K,0.4441666666666667
30,SE500G24P,7.414000000000001
30,SE200G24P,0.5875199999999999
30,ATPPCH5X5K,0.0
30,ATPA1K24P,0.0
30,MAPA1K24P,0.0
30,MAP1K25P,0.0
30,MAC1K25P,0.0984
30,EEA500G12P,0.0
30,EEA200G24P,0.0
31,SOS008L02P,8.526805333333334
31,SOS005L04P,197.46512
31,SOS003L04P,14.626896
31,SOS002L09P,106.598376
31,SOS001L12P,116.71672
31,SOS500M24P,47.090016
31,SOS250M48P,2.6639520000000005
31,SOP001L12P,1.35424
31,POV005L04P,5.5006466666666665
31,POV002L09P,9.11274
31,POV001L24P,21.230664
31,POV500M24P,12.123747999999999
31,POP001L12P,9.394839999999999
31,POP015K,0.0
31,SO0005L04P,0.0
31,SO0002L09P,0.0
31,SO0001L12P,0.0
31,SO0500M24P,0.0
31,POP005L04P,1.4038266666666666
31,POP002L09P,2.8648620000000005
31,POP001L12P.1,6.176716
31,POP500M24P,3.323684
31,POPF01L12P,3.364452
31,AT5X5K,22.916666666666668
31,ATN02K12P,14.516
31,ATN01K24P,75.2
31,MAR02K12P,2.6687999999999996
31,MAR01K24P,16.82
31,ATWWP002K12P,0.6607999999999999
31,ATWWP001K24P,1.96
31,MASR025K,2.6525000000000003
31,MAHS025K,0.4858333333333334
31,SE500G24P,7.225
31,SE200G24P,0.5847999999999999
31,ATPPCH5X5K,0.0
31,ATPA1K24P,0.0
31,MAPA1K24P,0.0
31,MAP1K25P,0.0
31,MAC1K25P,0.0984
31,EEA500G12P,0.0
31,EEA200G24P,0.0
32,SOS008L02P,8.419349333333333
32,SOS005L04P,194.13042666666666
32,SOS003L04P,14.626896
32,SOS002L09P,106.82083200000001
32,SOS001L12P,115.95864
32,SOS500M24P,46.558256
32,SOS250M48P,2.6639520000000005
32,SOP001L12P,1.35424
32,POV005L04P,5.464246666666667
32,POV002L09P,8.83974
32,POV001L24P,20.685391999999997
32,POV500M24P,11.613784
32,POP001L12P,8.399664
32,POP015K,0.0
32,SO0005L04P,0.0
32,SO0002L09P,0.0
32,SO0001L12P,0.0
32,SO0500M24P,0.0
32,POP005L04P,1.5251599999999998
32,POP002L09P,2.8102620000000003
32,POP001L12P.1,6.2862800000000005
32,POP500M24P,3.3215000000000003
32,POPF01L12P,3.420872
32,AT5X5K,21.25
32,ATN02K12P,13.6144
32,ATN01K24P,71.80720000000001
32,MAR02K12P,2.6687999999999996
32,MAR01K24P,17.0648
32,ATWWP002K12P,0.6607999999999999
32,ATWWP001K24P,1.96
32,MASR025K,2.5816666666666666
32,MAHS025K,0.4858333333333334
32,SE500G24P,7.1272
32,SE200G24P,0.5528
32,ATPPCH5X5K,0.0
32,ATPA1K24P,0.0
32,MAPA1K24P,0.0
32,MAP1K25P,0.0
32,MAC1K25P,0.0984
32,EEA500G12P,0.0
32,EEA200G24P,0.0
33,SOS008L02P,9.282922666666668
33,SOS005L04P,196.39178666666666
33,SOS003L04P,14.626896
33,SOS002L09P,108.365328
33,SOS001L12P,119.897344
33,SOS500M24P,46.90528
33,SOS250M48P,2.6639520000000005
33,SOP001L12P,1.35424
33,POV005L04P,5.099033333333334
33,POV002L09P,8.019648
33,POV001L24P,20.867028
33,POV500M24P,11.798696
33,POP001L12P,8.560552
33,POP015K,0.0
33,SO0005L04P,0.0
33,SO0002L09P,0.0
33,SO0001L12P,0.0
33,SO0500M24P,0.0
33,POP005L04P,1.5858266666666665
33,POP002L09P,2.536716
33,POP001L12P.1,6.46646
33,POP500M24P,3.575572
33,POPF01L12P,3.592316
33,AT5X5K,19.583333333333332
33,ATN02K12P,12.814400000000001
33,ATN01K24P,68.2072
33,MAR02K12P,2.6608
33,MAR01K24P,16.2528
33,ATWWP002K12P,0.6607999999999999
33,ATWWP001K24P,1.96
33,MASR025K,2.5233333333333334
33,MAHS025K,0.4566666666666667
33,SE500G24P,7.2472
33,SE200G24P,0.55296
33,ATPPCH5X5K,0.0
33,ATPA1K24P,0.0
33,MAPA1K24P,0.0
33,MAP1K25P,0.0
33,MAC1K25P,0.0984
33,EEA500G12P,0.0
33,EEA200G24P,0.0
34,SOS008L02P,8.301589333333332
34,SOS005L04P,199.20269333333331
34,SOS003L04P,14.626896
34,SOS002L09P,107.161416
34,SOS001L12P,120.16782400000001
34,SOS500M24P,47.979104
34,SOS250M48P,2.6639520000000005
34,SOP001L12P,1.35424
34,POV005L04P,5.099033333333334
34,POV002L09P,8.402394
34,POV001L24P,21.233576000000003
34,POV500M24P,11.616696
34,POP001L12P,8.195824
34,POP015K,0.0
34,SO0005L04P,0.0
34,SO0002L09P,0.0
34,SO0001L12P,0.0
34,SO0500M24P,0.0
34,POP005L04P,1.5858266666666665
34,POP002L09P,2.7010620000000003
34,POP001L12P.1,6.46646
34,POP500M24P,3.575572
34,POPF01L12P,3.446716
34,AT5X5K,19.166666666666668
34,ATN02K12P,12.4144
34,ATN01K24P,67.8072
34,MAR02K12P,2.6608
34,MAR01K24P,15.680800000000001
34,ATWWP002K12P,0.6607999999999999
34,ATWWP001K24P,1.96
34,MASR025K,2.6783333333333332
34,MAHS025K,0.4566666666666667
34,SE500G24P,7.2472
34,SE200G24P,0.56912
34,ATPPCH5X5K,0.0
34,ATPA1K24P,0.0
34,MAPA1K24P,0.0
34,MAP1K25P,0.0
34,MAC1K25P,0.07200000000000001
34,EEA500G12P,0.0
34,EEA200G24P,0.0
35,SOS008L02P,7.811413333333333
35,SOS005L04P,200.58453333333333
35,SOS003L04P,13.890896000000001
35,SOS002L09P,107.235384
35,SOS001L12P,122.97308799999999
35,SOS500M24P,48.163472
35,SOS250M48P,2.6525440000000002
35,SOP001L12P,1.3064
35,POV005L04P,5.683253333333334
35,POV002L09P,8.403486
35,POV001L24P,20.687212
35,POV500M24P,11.50422
35,POP001L12P,7.831823999999999
35,POP015K,0.0
35,SO0005L04P,0.0
35,SO0002L09P,0.0
35,SO0001L12P,0.0
35,SO0500M24P,0.0
35,POP005L04P,1.3425533333333335
35,POP002L09P,2.600052
35,POP001L12P.1,6.466095999999999
35,POP500M24P,3.3862919999999996
35,POPF01L12P,3.25598
35,AT5X5K,19.083333333333332
35,ATN02K12P,12.4144
35,ATN01K24P,69.4072
35,MAR02K12P,2.7407999999999997
35,MAR01K24P,17.2808
35,ATWWP002K12P,0.6607999999999999
35,ATWWP001K24P,1.96
35,MASR025K,2.5949999999999998
35,MAHS025K,0.4566666666666667
35,SE500G24P,7.3472
35,SE200G24P,0.58512
35,ATPPCH5X5K,0.0
35,ATPA1K24P,0.0
35,MAPA1K24P,0.0
35,MAP1K25P,0.0
35,MAC1K25P,0.07200000000000001
35,EEA500G12P,0.0
35,EEA200G24P,0.0
36,SOS008L02P,7.811413333333333
36,SOS005L04P,203.97136
36,SOS003L04P,13.149376
36,SOS002L09P,106.44216
36,SOS001L12P,123.917376
36,SOS500M24P,47.78443200000001
36,SOS250M48P,2.6525440000000002
36,SOP001L12P,1.430048
36,POV005L04P,5.683253333333334
36,POV002L09P,8.572745999999999
36,POV001L24P,20.151040000000002
36,POV500M24P,11.021192000000001
36,POP001L12P,7.446712
36,POP015K,0.0
36,SO0005L04P,0.0
36,SO0002L09P,0.0
36,SO0001L12P,0.0
36,SO0500M24P,0.0
36,POP005L04P,1.27946
36,POP002L09P,2.4892139999999996
36,POP001L12P.1,6.833007999999999
36,POP500M24P,3.3156760000000003
36,POPF01L12P,3.0732519999999997
36,AT5X5K,18.666666666666668
36,ATN02K12P,12.0144
36,ATN01K24P,68.60719999999999
36,MAR02K12P,2.5008
36,MAR01K24P,16.8808
36,ATWWP002K12P,0.6607999999999999
36,ATWWP001K24P,1.96
36,MASR025K,2.6283333333333334
36,MAHS025K,0.455
36,SE500G24P,7.3472
36,SE200G24P,0.58512
36,ATPPCH5X5K,0.0
36,ATPA1K24P,0.0
36,MAPA1K24P,0.0
36,MAP1K25P,0.0
36,MAC1K25P,0.07200000000000001
36,EEA500G12P,0.0
36,EEA200G24P,0.0
37,SOS008L02P,8.823168
37,SOS005L04P,201.85842666666667
37,SOS003L04P,12.413008
37,SOS002L09P,100.66989600000001
37,SOS001L12P,121.748384
37,SOS500M24P,47.074560000000005
37,SOS250M48P,2.6525440000000002
37,SOP001L12P,1.542656
37,POV005L04P,5.9259200000000005
37,POV002L09P,7.7532000000000005
37,POV001L24P,20.363616
37,POV500M24P,10.869767999999999
37,POP001L12P,7.896252
37,POP015K,0.0
37,SO0005L04P,0.0
37,SO0002L09P,0.0
37,SO0001L12P,0.0
37,SO0500M24P,0.0
37,POP005L04P,1.4620666666666666
37,POP002L09P,2.324322
37,POP001L12P.1,6.66848
37,POP500M24P,3.5817600000000005
37,POPF01L12P,2.683044
37,AT5X5K,19.270833333333332
37,ATN02K12P,12.4144
37,ATN01K24P,67.8072
37,MAR02K12P,2.8256
37,MAR01K24P,17.536800000000003
37,ATWWP002K12P,0.6607999999999999
37,ATWWP001K24P,1.96
37,MASR025K,2.4608333333333334
37,MAHS025K,0.5383333333333333
37,SE500G24P,7.2871999999999995
37,SE200G24P,0.5534399999999999
37,ATPPCH5X5K,0.0
37,ATPA1K24P,0.0
37,MAPA1K24P,0.0
37,MAP1K25P,0.0
37,MAC1K25P,0.092
37,EEA500G12P,0.0
37,EEA200G24P,0.0
