38,37,36,35,34,40,39,33,25,24,23,26,16,20,31,30,29,32,19,18,17,21,22,0,2,1,14,13,6,5,15,10,28,27,4,3,12,11,9,8,7,79,78,77,76,75,81,80,74,66,65,64,67,57,61,72,71,70,73,60,59,58,62,63,41,43,42,55,54,47,46,56,51,69,68,45,44,53,52,50,49,48,120,119,118,117,116,122,121,115,107,106,105,108,98,102,113,112,111,114,101,100,99,103,104,82,84,83,96,95,88,87,97,92,110,109,86,85,94,93,91,90,89,production_unit_AT5X5K_pred,production_unit_ATN01K24P_pred,production_unit_ATN02K12P_pred,production_unit_ATPA1K24P_pred,production_unit_ATPPCH5X5K_pred,production_unit_ATWWP001K24P_pred,production_unit_ATWWP002K12P_pred,production_unit_EEA200G24P_pred,production_unit_EEA500G12P_pred,production_unit_MAC1K25P_pred,production_unit_MAHS025K_pred,production_unit_MAP1K25P_pred,production_unit_MAPA1K24P_pred,production_unit_MAR01K24P_pred,production_unit_MAR02K12P_pred,production_unit_MASR025K_pred,production_unit_POP001L12P_pred,production_unit_POP001L12P.1_pred,production_unit_POP002L09P_pred,production_unit_POP005L04P_pred,production_unit_POP015K_pred,production_unit_POP500M24P_pred,production_unit_POPF01L12P_pred,production_unit_POV001L24P_pred,production_unit_POV002L09P_pred,production_unit_POV005L04P_pred,production_unit_POV500M24P_pred,production_unit_SE200G24P_pred,production_unit_SE500G24P_pred,production_unit_SO0001L12P_pred,production_unit_SO0002L09P_pred,production_unit_SO0005L04P_pred,production_unit_SO0500M24P_pred,production_unit_SOP001L12P_pred,production_unit_SOS001L12P_pred,production_unit_SOS002L09P_pred,production_unit_SOS003L04P_pred,production_unit_SOS005L04P_pred,production_unit_SOS008L02P_pred,production_unit_SOS250M48P_pred,production_unit_SOS500M24P_pred
412.8666666666667,7059.7,1034.7333333333333,6394.1,9527.466666666667,3799.5,393.5,110.23333333333333,160.53333333333333,266.6,977.3,577.1333333333333,808.3666666666667,0.0,0.0,0.0,0.0,0.0,53.333333333333336,78.7,308.56666666666666,150.13333333333333,235.1,1353.3333333333333,846.2666666666667,3365.1666666666665,130.3,766.5333333333333,18.066666666666666,77.2,95.96666666666667,31.166666666666668,765.9333333333333,68.2,0.0,0.0,0.0,3.3333333333333335,7.9,0.0,0.0,447.8666666666667,7102.041666666667,1003.3890006038645,5944.769792673107,9331.424903381641,3747.371624396136,330.366699879227,115.00553743961352,167.46666666666667,265.2666666666667,993.3,613.0333333333333,789.3333333333334,0.0,0.0,0.0,0.0,0.0,43.79996703296703,74.46666666666667,286.93333333333334,129.53333333333333,230.6,1413.4779999999998,872.7360666666666,3702.9264,143.22496666666666,755.3208666666667,17.065966666666665,65.28653333333334,93.73333333333333,26.0,795.3472,71.73333333333333,0.0,0.0,0.0,3.3333333333333335,3.8333333333333335,0.0,0.0,484.34999999999997,6994.625,993.8334329710145,5662.018025362319,8926.933233695649,3587.999764492754,318.33333333333326,124.57776871980674,165.46666666666667,268.3666666666667,1010.9333333333333,606.3,991.4666666666667,0.16666666666666666,0.0,0.5,0.0,0.0,44.233333333333334,76.76666666666667,292.3333333333333,146.8,233.7,1324.1466666666668,913.4416333333334,3686.6930666666667,163.86943333333332,739.7694666666666,15.069433333333333,59.16113333333333,128.96666666666667,25.7,678.2722333333334,59.96666666666667,0.3333333333333333,1.0333333333333334,0.3333333333333333,3.3333333333333335,6.166666666666667,0.0,0.0,2.665975,98.45987,8.658719,27.215317,64.31672,26.50969,1.2030634,0.77325666,3.392043,5.6205053,13.030829,8.903675,3.9166994,0.082173586,0.053198457,0.053198576,0.053198457,0.054857373,1.2030634,1.9741049,4.92929,3.4340606,0.6902644,8.493583,12.008245,42.99454,2.6470747,14.786854,0.3031146,1.0129386,1.980397,1.0715798,2.709057,0.069419265,-0.08523202,-0.043974757,-0.065458894,-0.043974996,-0.20278323,-0.20278311,-0.24266434
379.06666666666666,6859.7,1034.7333333333333,6194.1,9294.133333333333,3682.8333333333335,393.5,110.23333333333333,155.4,256.43333333333334,950.5,557.0333333333333,764.7666666666667,0.0,0.0,0.0,0.0,0.0,48.333333333333336,75.33333333333333,291.9,136.76666666666668,231.3,1326.6666666666667,862.9333333333333,3331.8333333333335,140.3,772.5333333333333,18.066666666666666,77.2,92.63333333333334,31.166666666666668,789.2666666666667,68.76666666666667,0.0,0.0,0.0,3.3333333333333335,7.066666666666666,0.0,0.0,477.6666666666667,6942.958333333333,963.5223339371979,5720.799426328502,9030.12490338164,3625.071624396136,342.666699879227,113.00553743961352,169.6,266.53333333333336,974.8666666666667,585.0,766.3333333333334,0.0,0.0,0.0,0.0,0.0,45.333300366300364,73.16666666666667,282.76666666666665,127.46666666666667,221.83333333333334,1389.3446666666666,880.9694000000001,3647.493066666667,146.92496666666665,744.8208666666667,17.766666666666666,68.51986666666667,92.1,26.366666666666667,787.8472,69.89236805555556,0.0,0.0,0.0,3.3333333333333335,3.8333333333333335,0.0,0.0,514.8,7206.3,991.6167663043477,5667.332659017713,9078.525033212558,3620.7664311594203,327.9666666666666,135.4083031400966,189.9,306.00000000000006,1155.9666666666667,700.9666666666667,1354.5,0.16666666666666666,0.0,0.5,0.0,0.0,45.4,87.36666666666666,314.4,160.93333333333334,253.1,1294.4933333333333,881.1333,3631.6974,160.51376666666667,751.9804666666666,14.666766666666666,59.9138,131.76666666666668,25.7,678.2499,60.514,0.3333333333333333,1.0333333333333334,0.3333333333333333,3.3333333333333335,7.833333333333333,0.0,0.0,3.0866952,98.46224,8.661092,27.217691,64.31909,26.51206,1.2030634,0.77586913,3.396646,5.624122,13.035319,8.908037,3.920251,0.08379924,0.053300023,0.053300023,0.053300023,0.054727197,1.2030634,1.9772719,4.9334836,3.434157,0.6908287,8.733744,12.314551,45.205467,2.8585641,15.488602,0.06035316,0.09057474,1.9380174,1.0718793,2.6595995,0.06959069,-0.08587611,-0.040346503,-0.060952187,-0.04034674,-0.20404816,-0.20404816,-0.24266434
419.7,7107.266666666666,1034.7333333333333,6112.233333333334,9329.566666666668,3534.366666666667,393.5,110.23333333333333,168.73333333333332,273.06666666666666,1043.9666666666667,607.0666666666667,869.2333333333333,0.0,0.0,0.0,0.0,0.0,48.333333333333336,78.66666666666667,305.1,143.76666666666668,248.13333333333333,1326.6666666666667,912.9333333333333,3531.8333333333335,140.3,747.3666666666667,18.066666666666666,77.2,95.96666666666667,31.166666666666668,795.9333333333333,75.43333333333334,0.0,0.0,0.0,3.3333333333333335,7.066666666666666,0.0,0.0,473.0833333333333,6864.199999999999,956.9223339371979,5624.484591384861,8888.61936896135,3569.4549577294692,358.59999999999997,115.34446859903382,167.4,265.33333333333337,962.0666666666667,590.2666666666667,761.2333333333333,0.0,0.0,0.0,0.0,0.0,45.13330036630036,73.23333333333333,280.3666666666667,123.76666666666667,219.86666666666667,1322.0580000000002,847.1610666666668,3593.5153,143.03886666666668,738.5250333333333,17.766666666666666,70.4532,95.5,25.766666666666666,770.2305333333334,67.49236805555556,0.0,0.0,0.0,3.3333333333333335,4.5,0.0,0.0,538.4333333333333,7351.933333333333,1020.6584329710145,5729.332759661836,9261.230600845407,3724.96643115942,333.4333333333333,130.99440217391302,191.6,321.36666666666673,1245.7333333333333,742.6333333333333,1405.7,0.16666666666666666,0.0,0.5,0.0,0.0,61.233333333333334,102.30000000000001,365.43333333333334,190.26666666666668,287.56666666666666,1226.2266666666667,874.2999666666667,3539.740466666667,160.81376666666668,719.6999,14.300099999999999,58.980466666666665,132.6,25.866666666666667,670.9526666666667,61.98066666666667,0.3333333333333333,1.0333333333333334,0.3333333333333333,3.3333333333333335,7.433333333333334,0.0,0.0,3.5659146,97.600136,8.683893,27.240492,63.283897,26.007095,1.2030634,0.7280891,3.4659781,6.1147346,13.225291,8.887802,3.9215536,0.08517218,0.056025982,0.056025863,0.05602622,0.05662036,1.2030634,2.1255472,4.998559,3.315619,0.74305594,8.924161,12.345053,47.05923,2.6872714,16.21634,0.06071639,0.09505844,1.8356171,1.0796856,2.6806843,0.07095742,-0.08352327,-0.04754722,-0.055244803,-0.04754722,-0.20376027,-0.20376015,-0.24266434
419.7,6834.6,967.6,5642.7,9004.566666666668,3360.233333333333,393.5,109.9,188.8,299.56666666666666,1027.3333333333333,627.0666666666667,841.6666666666666,0.0,0.0,0.0,0.0,0.0,48.333333333333336,88.66666666666667,295.3666666666667,147.03333333333333,239.46666666666667,1326.6666666666667,889.6,3581.8333333333335,140.63333333333333,734.5333333333333,18.066666666666666,77.2,98.13333333333334,32.833333333333336,809.2666666666667,75.43333333333334,0.0,0.0,0.0,3.3333333333333335,7.066666666666666,0.0,0.0,480.3833333333333,6816.074999999999,945.9556672705312,5493.155026167471,8760.030501207728,3496.054957729469,368.9666666666666,106.84446859903382,171.83333333333334,267.8666666666667,986.0666666666667,609.2666666666667,739.4,0.0,0.0,0.0,0.0,0.0,43.366633699633695,77.1,281.06666666666666,124.5,223.03333333333333,1248.1246666666668,825.0944000000001,3480.6375333333335,139.8722,704.5583666666666,17.766666666666666,69.9532,94.7,25.366666666666667,756.4305333333334,65.26666666666667,0.0,0.0,0.0,3.3333333333333335,4.5,0.0,0.0,530.9833333333332,6996.358333333334,988.4250996376811,5446.429059983898,8897.227835144924,3590.099764492754,317.2666666666666,129.04716787439614,183.73333333333332,306.7666666666667,1204.0666666666666,716.6,1376.2,0.16666666666666666,0.0,0.5,0.0,0.0,60.233333333333334,97.33333333333334,355.1333333333333,187.1,285.73333333333335,1195.9,856.8666333333333,3383.1085333333335,158.64710000000002,694.3374,12.633433333333333,57.34713333333333,131.06666666666666,25.8,645.7304333333334,57.647333333333336,0.3333333333333333,1.0333333333333334,0.3333333333333333,3.3333333333333335,6.6,0.0,0.0,3.554833,97.87905,8.669012,28.808922,62.213478,25.324406,1.2030634,0.7837579,3.4776263,6.334921,13.628022,9.07896,3.902154,0.08718228,0.05620897,0.05620885,0.05620885,0.056904912,1.2030634,2.2219448,5.0437346,3.330275,0.7700452,9.502733,11.901168,48.905907,2.5856485,17.314806,0.062191963,0.10007393,1.7018449,1.0818179,2.7590532,0.09426832,-0.080011606,-0.05543053,-0.0489285,-0.05543053,-0.20245159,-0.20245159,-0.24266434
519.7,6584.666666666667,900.2,5282.6,8799.433333333332,3207.6666666666665,393.5,96.56666666666666,172.13333333333333,286.1,984.0,613.6666666666666,840.6333333333333,0.0,0.0,0.0,0.0,0.0,45.0,85.26666666666667,278.43333333333334,143.66666666666666,251.0,1276.6666666666667,872.9333333333333,3431.8333333333335,140.63333333333333,691.7,18.066666666666666,77.2,101.46666666666667,32.833333333333336,809.2666666666667,82.06666666666666,0.0,0.0,0.0,3.3333333333333335,8.5,0.0,0.0,486.1666666666667,6717.066666666666,932.8723339371978,5428.230793075683,8603.297137681158,3432.1420923913047,377.83333333333326,106.39443538647342,168.63333333333333,259.73333333333335,980.1,601.6333333333333,761.9280647130647,0.0,0.0,0.0,0.0,0.0,45.53330036630037,80.1,283.96666666666664,130.2,225.56666666666666,1230.1113333333333,815.6194,3402.643266666667,141.01653333333334,711.4405333333333,17.766666666666666,71.41986666666666,100.93333333333334,24.866666666666667,768.5526333333332,69.06666666666666,0.0,0.0,0.0,3.3333333333333335,4.5,0.0,0.0,553.65,6619.058333333333,940.1250996376813,5098.525392512078,8382.794501811592,3397.11086352657,298.9333333333333,130.94716787439611,187.96666666666667,297.96666666666675,1184.5,700.2333333333333,1336.8333333333333,0.16666666666666666,0.0,0.5,0.0,0.0,58.6,93.73333333333335,345.8,181.8,279.4,1086.4333333333334,833.5666333333334,3297.341866666667,150.18043333333335,661.7374,12.700099999999999,56.74713333333333,130.93333333333334,24.566666666666666,600.3304333333333,52.814,0.3333333333333333,1.0333333333333334,0.3333333333333333,3.3333333333333335,6.6,0.0,0.0,4.090744,98.72753,8.63788,30.361101,61.65316,25.187717,1.2030634,0.77892715,3.566259,6.689898,13.769398,8.807773,3.8911715,0.09485507,0.05856526,0.058565497,0.058565497,0.059117913,1.2030634,2.308663,5.1743364,3.3967552,0.7988702,10.626592,11.057767,51.482445,2.5446575,18.26356,0.06507802,0.10803068,1.5177656,1.0656261,2.7015028,0.1149323,-0.07093644,-0.06846738,-0.03604698,-0.06846738,-0.16955352,-0.1934979,-0.24266434
588.6,6747.233333333334,966.8666666666667,5218.766666666666,8844.933333333332,3304.233333333333,394.53333333333336,100.9,173.53333333333333,309.53333333333336,1067.3333333333333,670.6,866.0333333333333,0.0,0.0,0.0,0.0,0.0,61.86666666666667,98.9,311.76666666666665,177.66666666666666,268.46666666666664,1260.0,862.9333333333333,3448.3333333333335,143.96666666666667,698.3666666666667,0.06666666666666667,43.86666666666667,101.46666666666667,32.833333333333336,812.6,82.06666666666666,0.0,0.0,0.0,3.3333333333333335,8.5,0.0,0.0,524.7166666666667,6859.316666666667,942.0140006038645,5451.201159420289,8668.280504227054,3459.3660567632855,384.79999999999995,107.64720108695651,174.03333333333333,271.0666666666667,1025.7333333333333,625.5333333333333,795.9280647130647,0.0,0.0,0.0,0.0,0.0,46.03330036630037,87.63333333333334,303.76666666666665,143.3,235.96666666666667,1206.7113333333332,822.9527333333334,3397.7974333333336,150.21653333333333,724.8599666666667,17.766666666666666,72.21986666666666,104.93333333333334,26.166666666666668,783.0553999999998,71.93333333333334,0.0,0.0,0.0,3.3333333333333335,6.9,0.0,0.0,620.9166666666666,7440.025,1025.3917663043478,5662.95505837359,9229.261168478259,3720.610863526569,324.5666666666666,142.21383454106277,204.43333333333334,344.0666666666667,1333.1666666666667,768.2,1405.6666666666667,0.16666666666666666,0.0,0.5,0.0,0.0,65.1,106.23333333333335,390.8,207.86666666666667,313.1666666666667,1110.8333333333333,854.0999666666667,3461.4752000000003,152.78043333333335,692.7040666666667,12.766766666666665,58.047133333333335,134.43333333333334,25.4,634.8637666666667,56.314,0.3333333333333333,1.0333333333333334,0.3333333333333333,3.3333333333333335,6.633333333333334,0.0,0.0,4.066179,98.69169,8.603794,32.441795,61.26969,24.731064,1.2030634,0.8538189,3.5525093,6.3394547,13.942932,9.275492,3.8787026,0.09505236,0.057728887,0.057728767,0.057728767,0.058432937,1.2030634,2.0048401,5.00214,3.4447308,0.80695575,11.359287,11.382002,54.428513,2.572813,18.215574,0.070860386,0.118974805,1.6257479,1.0734445,2.7834706,0.119547606,-0.06304395,-0.07549465,-0.024455547,-0.075494766,-0.16960573,-0.19354999,-0.24266434
588.6,6678.0,1034.0333333333333,5349.133333333333,8756.933333333332,3309.633333333333,394.53333333333336,100.9,173.53333333333333,309.7,1149.9,721.6,874.6333333333333,0.0,0.0,0.0,0.0,0.0,65.33333333333333,100.63333333333334,311.76666666666665,184.2,285.2,1226.6666666666667,866.2666666666667,3381.6666666666665,153.73333333333332,705.0333333333333,0.06666666666666667,14.433333333333334,104.66666666666667,31.033333333333335,799.2666666666667,72.23333333333333,0.0,0.0,0.0,3.3333333333333335,8.5,0.0,0.0,556.5833333333334,6959.85,945.7806672705312,5444.962359098227,8725.24717089372,3533.966056763286,390.59999999999997,106.31386775362317,175.1,273.1,1050.6,620.6666666666666,808.7280647130647,0.0,0.0,0.0,0.0,0.0,44.6666336996337,87.60009971509972,306.3,148.5,226.3,1181.578,831.9860666666667,3452.030766666667,148.44986666666668,696.9933,17.766666666666666,72.3532,109.26666666666667,26.166666666666668,779.1553999999999,78.45903472222223,0.0,0.0,0.0,3.3333333333333335,8.166666666666666,0.0,0.0,644.0833333333334,7845.991666666666,1061.0250996376813,5922.8477254428335,9774.144535024152,3878.777530193236,336.2333333333333,150.71383454106277,209.93333333333334,352.5333333333334,1380.5,782.8666666666667,1399.2,0.16666666666666666,0.0,0.5,0.0,0.0,70.6,112.83333333333334,433.8,221.53333333333333,353.0,1158.5,860.5332999999999,3534.5752,149.91376666666667,711.9040666666666,12.866766666666667,58.647133333333336,126.53333333333333,26.066666666666666,667.9304333333333,58.814,0.3333333333333333,1.0333333333333334,0.3333333333333333,3.3333333333333335,6.633333333333334,0.0,0.0,4.095131,94.343636,8.643858,34.593468,58.84542,24.067081,1.2030634,0.849679,4.352972,6.113076,15.948473,9.204864,3.8842287,0.09456456,0.056290984,0.056290984,0.056290984,0.05736196,1.2030634,1.7795439,5.54614,3.5104647,0.8081857,11.341643,10.752086,57.417934,2.41126,18.07186,0.07091665,0.1270963,1.5861957,1.1654975,2.8081007,0.124771476,-0.06010878,-0.089457154,-0.015075922,-0.089457154,-0.17304778,-0.19699252,-0.24266434
588.6,6802.166666666667,1033.9,5865.9,9025.966666666667,3492.9666666666667,333.93333333333334,97.56666666666666,200.16666666666666,359.73333333333335,1113.2,768.8,829.9333333333333,0.0,0.0,0.0,0.0,0.0,65.33333333333333,110.76666666666667,329.03333333333336,184.2,320.93333333333334,1176.6666666666667,866.2666666666667,3415.0,153.73333333333332,706.0333333333333,0.06666666666666667,14.433333333333334,111.36666666666666,34.36666666666667,809.2666666666667,75.5,0.0,0.0,0.0,3.3333333333333335,8.366666666666667,0.0,0.0,585.9166666666666,7179.216666666666,970.9473339371979,5557.658691626409,8993.280504227052,3590.49945652174,378.2666666666666,104.64720108695651,176.1,290.6666666666667,1093.5666666666666,660.8333333333334,844.6280647130646,0.0,0.0,0.0,0.0,0.0,50.1666336996337,94.86666666666666,319.23333333333335,159.36666666666667,222.8,1186.4113333333332,827.5194,3497.630766666667,145.74986666666666,709.2266333333333,16.766666666666666,71.41986666666666,115.46666666666667,26.166666666666668,798.8942999999999,72.6257013888889,0.0,0.0,0.0,3.3333333333333335,9.0,0.0,0.0,600.5166666666667,7820.608333333333,1073.5750996376814,5839.7587238325295,9522.444535024151,3754.444196859903,328.99999999999994,164.8138345410628,206.5,349.36666666666673,1401.6333333333334,794.0,1350.1666666666667,0.16666666666666666,0.0,0.5,0.0,0.0,71.33333333333333,118.13333333333335,438.06666666666666,217.93333333333334,336.06666666666666,1083.8333333333333,832.6055333333334,3280.952766666667,156.01376666666667,665.9899666666666,11.933433333333333,56.013799999999996,120.46666666666667,20.566666666666666,640.8304333333333,60.94733333333333,0.3333333333333333,1.0333333333333334,0.3333333333333333,3.3333333333333335,6.633333333333334,0.0,0.0,4.05942,94.877464,8.594199,36.12924,58.977665,24.0892,1.2030634,0.9550092,4.579775,6.4583583,16.59554,9.676328,3.8328977,0.09775543,0.057341933,0.057341933,0.057342052,0.05862868,1.2030634,1.8413489,5.813622,3.4688616,0.8053429,10.912789,9.955929,58.89289,2.233716,17.937656,0.06884599,0.124895334,1.5455942,1.1626939,2.7391396,0.099021316,-0.059786797,-0.09824824,-0.011307955,-0.09824824,-0.17172265,-0.19566727,-0.24266434
588.6,7027.933333333333,1166.7666666666667,6067.566666666667,9159.3,3650.9333333333334,234.8,109.9,227.03333333333333,376.56666666666666,1149.7666666666667,789.6333333333333,811.8,0.0,0.0,0.0,0.0,0.0,78.73333333333333,120.9,391.1333333333333,184.2,342.8333333333333,1126.6666666666667,832.9333333333333,3348.3333333333335,147.06666666666666,699.3666666666667,0.06666666666666667,0.0,124.23333333333333,34.36666666666667,831.3333333333334,73.43333333333334,0.0,0.0,0.0,3.3333333333333335,8.366666666666667,0.0,0.0,607.1833333333333,7351.725,969.2140006038645,5632.532824074075,9071.491636473429,3620.5126962560394,351.9666666666666,103.31386775362317,173.33333333333334,299.90000000000003,1117.4333333333334,665.3,841.2280647130647,0.0,0.0,0.0,0.0,0.0,61.266633699633694,99.7,336.1,164.8,244.2,1094.4133333333334,818.2194000000001,3307.6694333333335,148.41653333333335,671.5983,13.061133333333334,66.51986666666667,114.66666666666667,26.933333333333334,799.9943,69.15903472222223,0.0,0.0,0.0,3.3333333333333335,8.166666666666666,0.0,0.0,609.8166666666667,7763.441666666666,1036.8084329710146,5830.09945652174,9313.011201690819,3683.6108635265696,316.06666666666666,165.3138345410628,208.86666666666667,363.0333333333334,1446.8333333333333,795.7666666666667,1255.8333333333333,0.16666666666666666,0.0,0.5,0.0,0.0,70.4,122.20000000000002,440.3666666666667,215.66666666666663,317.2,1027.6666666666667,835.1722000000001,3127.8972,155.4471,653.1566333333334,11.9001,53.513799999999996,119.33333333333333,20.566666666666666,623.0304333333333,68.14733333333334,0.3333333333333333,1.0333333333333334,0.3333333333333333,3.3333333333333335,6.633333333333334,0.0,0.0,4.1519437,101.105515,8.40456,37.52344,61.95395,24.708458,1.2030634,0.9969257,4.764163,6.466753,16.86571,10.126812,4.2514753,0.11062217,0.06436157,0.06436169,0.06436193,0.06555867,1.2030634,1.7780709,5.712209,3.4891171,1.0193771,10.778489,10.214711,61.43147,2.1515164,18.213345,0.07671106,0.13787425,1.4232165,1.170134,2.7534294,0.12429166,-0.05047667,-0.092202544,0.0013905764,-0.092202306,-0.16267073,-0.18661523,-0.24266434
588.6,7192.7,1211.3666666666666,6267.6,9201.8,3732.7,234.8,103.16666666666667,217.0,376.56666666666666,1232.6333333333334,772.9666666666667,768.4666666666667,0.0,0.0,0.0,0.0,0.0,78.73333333333333,120.9,392.23333333333335,217.6,342.8333333333333,1060.0,809.6,3280.0,157.06666666666666,636.0333333333333,0.06666666666666667,0.0,107.23333333333333,27.7,826.8333333333334,86.76666666666667,0.0,0.0,0.0,3.3333333333333335,8.366666666666667,0.0,0.0,608.8166666666667,7491.55,974.9473339371979,5811.762457729468,9072.824969806763,3645.2460295893734,326.63333333333327,102.88053442028985,176.36666666666667,311.30000000000007,1160.6666666666667,704.8333333333334,852.0947313797313,0.0,0.0,0.0,0.0,0.0,63.99996703296703,98.6,338.43333333333334,168.76666666666668,252.13333333333333,1073.9466666666667,806.6694000000001,3197.7361,148.5832,662.1653,12.561133333333334,58.0657,111.23333333333333,23.433333333333334,796.4276333333332,75.85903472222223,0.0,0.0,0.0,3.3333333333333335,8.033333333333333,0.0,0.0,606.1166666666667,7981.108333333333,1056.3084329710146,5979.229090177134,9335.877868357486,3757.944196859903,306.3333333333333,169.68050120772944,216.46666666666667,387.66666666666674,1504.5,820.8666666666667,1288.5,0.16666666666666666,0.0,0.5,0.0,0.0,70.03333333333333,127.43333333333335,459.93333333333334,225.7,341.5,1009.2666666666667,791.9388666666667,3026.1638666666668,140.38043333333334,646.6233,7.066766666666666,51.84713333333333,116.53333333333333,23.5,634.6637666666667,70.98066666666666,0.3333333333333333,1.0333333333333334,0.3333333333333333,3.3333333333333335,6.633333333333334,0.0,0.0,3.7798538,105.68034,8.245297,38.95171,64.29667,25.42916,1.2030634,1.0366111,4.9216332,6.734555,17.93519,9.822311,4.1342278,0.11678755,0.06852639,0.06852627,0.06852639,0.069675565,1.2030634,1.7688167,5.7545857,3.4072347,1.1558274,10.879369,11.010094,64.34586,2.0715015,18.830091,0.08486676,0.15165615,1.3096476,1.1775227,2.666041,0.1409986,-0.040286064,-0.08894229,0.014907122,-0.08894217,-0.1569413,-0.18141794,-0.24266434
521.9333333333333,7257.466666666666,1126.1666666666667,6384.266666666666,8902.5,3732.8333333333335,234.8,99.83333333333333,196.86666666666667,396.7,1251.3333333333333,756.4,754.0666666666667,0.0,0.0,0.0,0.0,0.0,75.4,127.76666666666667,381.5,198.4,326.4,1026.6666666666667,809.6,3163.3333333333335,147.06666666666666,649.2,0.06666666666666667,0.0,99.93333333333334,27.7,832.9,66.83333333333333,0.0,0.0,0.0,3.3333333333333335,8.366666666666667,0.0,0.0,603.7833333333333,7345.408333333332,936.1806672705312,5880.310591787439,8806.024969806762,3580.6459963768125,295.59999999999997,102.88053442028985,175.63333333333333,333.20000000000005,1175.2,706.3,815.4947313797313,0.0,0.0,0.0,0.0,0.0,64.16663369963369,95.56666666666666,332.46666666666664,164.7,273.6333333333333,1015.7133333333334,776.6027333333334,3040.969433333333,140.4832,631.7652999999999,9.7278,51.7657,102.7,23.2,795.3942999999999,75.85903472222223,0.0,0.0,0.0,3.3333333333333335,8.033333333333333,0.0,0.0,585.0166666666667,7735.196666666666,1023.6750996376812,5816.743890901772,9034.65566727053,3641.7108635265695,299.7,167.34716787439612,210.2,379.6333333333334,1475.2,803.3,1274.0666666666666,0.16666666666666666,0.0,0.5,0.0,0.0,69.53333333333333,125.60000000000001,456.43333333333334,223.43333333333334,338.8333333333333,960.8333333333334,732.9,2880.4638666666665,130.38043333333334,621.6566333333334,6.400099999999999,46.78046666666667,113.86666666666666,22.666666666666668,613.6304333333334,67.48066666666666,0.3333333333333333,1.0333333333333334,0.3333333333333333,3.3333333333333335,6.633333333333334,0.0,0.0,3.136149,103.07446,8.288026,39.523415,62.228634,27.092121,0.44563645,0.9267606,4.428935,5.9643974,18.32021,10.279988,4.118725,0.10342491,0.06214893,0.06214893,0.062149048,0.06154692,1.2030634,1.6283578,5.7815833,3.5438814,0.9926682,11.308356,11.429828,64.74109,1.7831495,18.715261,0.2962408,0.7632543,1.3281271,0.8422818,2.7897096,0.13777971,-0.04410708,-0.10862529,0.0102802515,-0.10862529,-0.16735578,-0.19183254,-0.24266434
471.46666666666664,7012.433333333333,1126.1666666666667,5991.266666666666,8627.7,3636.8333333333335,234.8,99.83333333333333,196.86666666666667,447.4,1251.1,773.0666666666667,725.5666666666667,0.0,0.0,0.0,0.0,0.0,75.4,144.5,372.46666666666664,208.4,326.4,993.3333333333334,759.6,3013.3333333333335,137.06666666666666,650.8666666666667,26.566666666666666,81.66666666666667,99.73333333333333,29.433333333333334,816.2333333333333,70.16666666666667,0.0,0.0,0.0,3.3333333333333335,7.266666666666667,0.0,0.0,590.75,7361.316666666666,961.6306672705313,5921.392091384862,8701.702768719806,3506.0126298309187,275.8333333333333,98.68053442028985,190.76666666666668,355.6333333333334,1200.0,724.5,767.8280647130647,0.0,0.0,0.0,0.0,0.0,65.69996703296702,97.33333333333333,324.0,163.03333333333333,322.1,993.9133333333334,755.1416333333334,2946.8471999999997,137.61653333333334,613.8652999999999,8.561133333333334,45.899033333333335,102.93333333333334,25.5,797.0912,78.4257013888889,0.0,0.0,0.0,3.3333333333333335,8.366666666666667,0.0,0.0,578.85,7378.313333333333,976.1084329710145,5609.15502415459,8513.119568236712,3497.9775301932364,288.23333333333335,178.88050120772945,211.03333333333333,373.6000000000001,1450.0333333333333,774.3666666666667,1240.3666666666666,0.16666666666666666,0.0,0.5,0.0,0.0,67.3,123.93333333333335,442.03333333333336,217.3,326.0,942.6666666666666,702.0,2671.7972,125.0471,597.3566333333333,6.900099999999999,43.8138,112.33333333333333,22.533333333333335,580.2971,66.64733333333334,0.3333333333333333,1.0333333333333334,0.3333333333333333,3.3333333333333335,6.633333333333334,0.0,0.0,1.9527054,103.62885,8.286381,42.168953,61.1534,26.439096,0.4443673,0.8980373,4.4253244,6.3389354,17.779503,9.846456,3.8659854,0.096598625,0.057566166,0.057566166,0.057566166,0.056936145,1.2030634,1.4558384,5.7804375,3.2896223,0.96978265,11.906839,11.548632,67.34122,1.6799831,18.540165,0.2986707,1.049457,1.2030634,0.8882785,2.7761765,0.11891651,-0.036516666,-0.11943281,0.018801093,-0.11943281,-0.17301762,-0.19749427,-0.24266434
471.46666666666664,7112.0,1226.8666666666666,6049.266666666666,8882.433333333332,3693.4333333333334,234.8,99.83333333333333,213.53333333333333,397.26666666666665,1356.0,823.3,784.9,0.0,0.0,0.0,0.0,0.0,75.4,127.36666666666666,372.46666666666664,225.1,336.4,960.0,712.9333333333333,2846.6666666666665,127.06666666666666,614.2,26.566666666666666,81.66666666666667,99.73333333333333,29.433333333333334,792.9,73.5,0.0,0.0,0.0,3.3333333333333335,7.266666666666667,0.0,0.0,589.5166666666667,7485.6833333333325,965.3640006038646,5999.292091384862,8762.19163647343,3572.0997644927543,266.5333333333333,96.64440217391304,195.03333333333333,363.83333333333337,1242.6,742.8666666666667,775.9947313797313,0.0,0.0,0.0,0.0,0.0,67.66663369963369,101.96666666666667,332.96666666666664,169.06666666666666,312.1,1026.5800000000002,776.8083000000001,2868.1472,139.81653333333333,626.3986333333334,8.494466666666666,45.63236666666667,102.3,25.766666666666666,792.2911999999999,77.7257013888889,0.0,0.0,0.0,3.3333333333333335,8.366666666666667,0.0,0.0,593.8833333333333,7980.863333333332,1046.7750996376813,6101.451324476651,9168.052901570047,3801.3108635265694,313.5666666666666,188.18050120772944,234.5,406.46666666666675,1599.0,863.5666666666667,1324.1333333333334,0.16666666666666666,0.0,0.5,0.0,0.0,68.63333333333334,131.70000000000002,458.96666666666664,228.43333333333334,328.3333333333333,993.6,737.3333333333334,2848.5638666666664,130.21376666666666,633.0233000000001,10.233433333333332,44.480466666666665,112.33333333333333,22.866666666666667,649.0637666666667,70.31400000000001,0.3333333333333333,1.0333333333333334,0.3333333333333333,3.3333333333333335,7.633333333333334,0.0,0.0,2.0656242,97.93887,8.076027,41.33364,59.287174,25.013382,0.42534882,0.88336015,4.527531,6.4419475,17.39927,9.402786,3.6849818,0.087064505,0.052260995,0.052260756,0.052260756,0.052105427,1.2030634,1.5798905,5.731708,3.1450741,0.9731633,12.588011,10.8197,69.24954,1.7776587,18.307758,0.3015923,1.059497,1.2030634,0.90617454,2.847993,0.11808336,-0.034304857,-0.13408804,0.019283533,-0.13408804,-0.18091846,-0.2053951,-0.24266434
538.1333333333333,7229.4,1226.8666666666666,6015.933333333333,8949.1,3829.2,234.8,110.8,213.53333333333333,407.56666666666666,1454.4,799.8,760.2333333333333,0.0,0.0,0.0,0.0,0.0,72.06666666666666,127.36666666666666,372.7,221.63333333333333,353.6,976.6666666666666,729.6,2713.3333333333335,127.06666666666666,580.8666666666667,26.566666666666666,81.66666666666667,98.0,29.433333333333334,769.5666666666667,73.53333333333333,0.0,0.0,0.0,3.3333333333333335,7.266666666666667,0.0,0.0,575.75,7731.616666666666,1004.197333937198,6077.995791062801,8955.924969806763,3663.89939915459,254.69999999999996,97.64440217391304,211.5,396.7666666666667,1342.8666666666666,797.5,736.1947313797314,0.0,0.0,0.0,0.0,0.0,69.39996703296703,109.0,366.8,179.96666666666667,317.8,1010.48,776.8416333333334,2855.6138666666666,136.4832,626.6649666666667,10.161133333333334,42.49903333333334,99.5,22.3,801.9245333333332,74.4257013888889,0.0,0.0,0.0,3.3333333333333335,7.7,0.0,0.0,611.7166666666667,8511.263333333332,1102.6500996376813,6433.351324476651,9676.36403381642,3993.710863526569,322.03333333333325,189.0499667874396,250.36666666666667,440.66666666666674,1710.2,928.1333333333333,1355.6666666666667,0.16666666666666666,0.0,0.5,0.0,0.0,76.96666666666667,150.93333333333337,506.5,245.3,366.1666666666667,1041.1466666666665,746.6583333333333,2990.5958,133.23876666666666,679.3399666666667,10.363999999999999,46.0874,77.33333333333333,23.033333333333335,683.7748666666666,72.24733333333333,0.3333333333333333,1.0333333333333334,0.3333333333333333,3.3333333333333335,7.633333333333334,0.0,0.0,3.6117682,91.1803,7.26754,39.413944,55.33538,22.264912,0.660761,0.9033401,4.04679,6.595089,17.617523,8.575038,3.9458294,0.08305919,0.051371098,0.051371098,0.051371098,0.051204205,1.157178,1.7607868,6.053367,3.147006,0.97387445,12.967434,10.758617,68.19231,1.7672986,18.004599,0.30221152,1.062575,1.4576738,0.91814613,2.9185047,0.12896228,-0.038064003,-0.13899183,0.010895252,-0.13899183,-0.18613386,-0.21061063,-0.24266434
524.0333333333333,7430.7,1178.5666666666666,5777.5,8837.266666666666,3693.4666666666667,300.3666666666667,103.8,243.53333333333333,441.3333333333333,1554.4,899.8333333333334,749.0333333333333,0.0,0.0,0.0,0.0,0.0,72.06666666666666,130.7,372.7,241.83333333333334,370.26666666666665,993.3333333333334,746.2666666666667,2746.6666666666665,127.06666666666666,596.7,26.566666666666666,81.66666666666667,93.16666666666667,29.433333333333334,752.9,73.53333333333333,0.0,0.0,0.0,3.3333333333333335,7.266666666666667,0.0,0.0,586.6833333333333,8016.191666666666,1034.397333937198,6195.751358695651,9208.541669685992,3775.799698067634,242.76666666666662,105.87773550724637,217.9,413.20000000000005,1461.2666666666667,859.1666666666666,719.161398046398,0.0,0.0,0.0,0.0,0.0,67.36666666666667,117.16656695156695,376.96666666666664,185.43333333333334,323.0,1027.1466666666668,770.8749666666668,2906.0805333333333,139.21653333333333,646.8983333333333,10.361133333333333,43.59903333333333,94.63333333333334,22.1,801.7578666666666,73.6,0.0,0.0,0.0,3.3333333333333335,7.7,0.0,0.0,585.3166666666667,9067.413333333332,1146.9167663043481,6632.292091384864,10082.864033816422,4095.877530193235,299.03333333333325,190.5499667874396,244.9,437.96666666666675,1690.0666666666666,909.9666666666667,1350.6333333333334,0.16666666666666666,0.0,0.5,0.0,0.0,77.66666666666667,147.8666666666667,497.3666666666667,251.36666666666667,364.53333333333336,1074.1799999999998,743.3916666666667,3052.1902333333333,132.1721,687.5927333333333,10.363999999999999,49.287400000000005,72.5,17.2,705.7748666666666,77.214,0.3333333333333333,1.0333333333333334,0.3333333333333333,0.0,9.3,0.16666666666666666,0.16666666666666666,3.610166,90.161194,7.622644,39.764236,55.865128,22.278488,1.2030634,0.9347427,4.06457,7.052272,17.65292,7.9025226,3.823938,0.08639336,0.05461073,0.05461061,0.05461061,0.054723263,1.1604457,1.8896421,6.066291,3.097462,0.9664799,11.71636,10.205053,66.35166,1.6497455,17.067509,0.29267132,1.0532781,1.3887733,0.8355429,2.8842158,0.11947703,-0.04608643,-0.13794887,0.005692959,-0.13794887,-0.18442571,-0.20890248,-0.24266434
550.2333333333333,7574.9,1109.9,5764.933333333333,8837.7,3511.9666666666667,444.6666666666667,132.9,276.8666666666667,467.6,1632.6333333333334,889.6333333333333,727.7,0.0,0.0,0.0,0.0,0.0,98.8,157.53333333333333,376.0,238.5,356.5,1020.0,746.2666666666667,2830.0,127.56666666666666,632.7,26.566666666666666,81.66666666666667,83.16666666666667,24.433333333333334,736.2333333333333,73.53333333333333,0.0,0.0,0.0,3.3333333333333335,9.933333333333334,0.0,0.0,593.4833333333333,8022.0166666666655,1034.7390006038647,6077.695793075684,9161.952801932368,3717.8330646135273,253.76666666666662,104.68053442028985,216.83333333333334,407.83333333333337,1464.6,859.8333333333334,733.6280647130646,0.0,0.0,0.0,0.0,0.0,66.7,119.73323361823363,375.43333333333334,189.8,330.8333333333333,1001.7800000000001,748.4333000000001,2952.7472,140.87486666666666,634.4150000000001,10.158366666666666,45.60596666666667,97.03333333333333,22.266666666666666,794.4356333333333,75.93333333333334,0.0,0.0,0.0,3.3333333333333335,7.7,0.0,0.0,604.4833333333333,9301.658333333333,1165.091766304348,6610.262459742352,10340.49456521739,4163.144196859902,305.9666666666666,191.93050120772944,247.96666666666667,444.80000000000007,1718.5333333333333,917.9333333333333,1346.6333333333334,0.16666666666666666,0.0,0.5,0.0,0.0,77.9,146.83333333333337,495.3333333333333,245.83333333333334,358.06666666666666,1037.8533333333332,696.2222333333333,3016.3194,138.82486666666668,681.2746666666666,10.619566666666666,47.486000000000004,81.33333333333333,17.733333333333334,731.8971,82.72233333333334,0.3333333333333333,1.0333333333333334,0.3333333333333333,0.0,9.3,0.16666666666666666,0.16666666666666666,3.5833921,91.308586,7.9474216,40.41852,56.88409,20.482328,1.3234512,0.8616016,4.04759,7.4436173,17.628126,8.085696,4.050676,0.088523984,0.05786264,0.05786264,0.057862878,0.055825472,0.9398332,1.9714503,5.8139896,2.836733,0.74800956,12.049425,10.669528,68.559654,1.7617252,17.552809,0.29448587,1.0563856,1.2030634,0.83972466,2.9281676,0.10031104,-0.041312218,-0.1440705,0.010851622,-0.1440705,-0.18470764,-0.20918453,-0.24266434
620.9666666666667,7779.266666666666,1026.5333333333333,5679.2,8915.633333333333,3601.5666666666666,448.23333333333335,126.06666666666666,290.1666666666667,450.73333333333335,1632.6,874.0,760.7,0.0,0.0,0.0,0.0,0.0,95.46666666666667,147.4,376.23333333333335,245.23333333333332,350.6,1070.0,746.2666666666667,2963.3333333333335,127.56666666666666,687.7,26.566666666666666,81.66666666666667,66.5,24.433333333333334,729.5666666666667,93.53333333333333,0.0,0.0,0.0,0.0,9.933333333333334,0.0,0.0,579.85,8175.6833333333325,1054.8056672705313,5997.018027375201,9268.908233695653,3755.4664311594215,276.8666666666666,114.18053442028985,221.9,416.7333333333334,1522.6333333333334,873.2333333333333,711.661398046398,0.0,0.0,0.0,0.0,0.0,69.83333333333333,132.26656695156694,378.6666666666667,196.56666666666666,337.96666666666664,997.7466666666667,698.8611000000001,2885.162466666667,139.77486666666667,614.7816666666666,9.158366666666666,43.7393,89.93333333333334,18.233333333333334,758.1023,75.46666666666667,0.0,0.0,0.0,3.3333333333333335,7.7,0.0,0.0,583.3166666666667,9527.391666666666,1184.6250996376814,6702.558760064413,10596.961231884055,4258.077530193235,301.69999999999993,203.5999335748792,246.96666666666667,454.80000000000007,1764.6333333333334,940.5333333333333,1366.7666666666667,0.16666666666666666,0.0,0.0,0.0,0.0,77.9,149.7666666666667,505.03333333333336,248.73333333333332,356.4,990.8133333333333,649.4222333333332,2997.959666666667,126.12763333333334,687.8357666666667,10.4529,50.651266666666665,77.46666666666667,17.5,761.8832,84.02233333333334,0.3333333333333333,1.0333333333333334,0.3333333333333333,0.0,9.3,0.16666666666666666,0.16666666666666666,3.648952,87.291794,8.043598,41.528378,53.98711,18.99414,1.3880838,0.82607883,4.3592086,7.512024,17.522882,8.501507,4.36183,0.08576012,0.056557298,0.056557298,0.056557298,0.05493343,0.97936875,2.0334263,5.616647,2.737404,0.7509887,12.296836,10.6783495,70.074394,1.920344,17.874353,0.3004499,1.065515,1.2319779,0.8899722,3.0518055,0.11396718,-0.037878275,-0.14904547,0.011966944,-0.14904547,-0.18738735,-0.21186411,-0.24266434
646.5666666666667,7753.766666666666,948.0333333333333,5647.966666666666,8983.433333333332,3768.1666666666665,324.8666666666667,126.06666666666666,276.8,433.6666666666667,1582.6666666666667,906.2333333333333,756.4,0.0,0.0,0.0,0.0,0.0,90.46666666666667,140.66666666666666,371.8666666666667,261.9,330.46666666666664,1086.6666666666667,729.6,3030.0,120.83333333333333,723.7,26.566666666666666,81.66666666666667,75.06666666666666,26.1,722.9,93.33333333333333,0.0,0.0,0.0,0.0,9.933333333333334,0.0,0.0,565.0,8211.091666666665,1037.2056672705314,5956.155060386473,9275.889000603864,3792.866431159421,269.5666666666666,113.94720108695651,217.63333333333333,412.00000000000006,1496.1,852.5666666666667,700.3280647130647,0.0,0.0,0.0,0.0,0.0,73.33333333333333,140.86656695156697,398.06663308913306,207.86666666666667,330.6333333333333,948.3600000000001,674.9944333333334,2797.6944000000003,130.50820000000002,610.7969333333334,9.158366666666666,44.00456666666666,86.23333333333333,18.233333333333334,743.5720666666667,73.96666666666667,0.0,0.0,0.0,3.3333333333333335,9.366666666666667,0.0,0.0,574.5166666666667,9340.3,1153.6250996376814,6578.392093397747,10358.861231884055,4141.444196859902,298.19999999999993,189.26660024154586,236.96666666666667,448.6333333333334,1724.2333333333333,918.2,1319.9333333333334,0.16666666666666666,0.0,0.0,0.0,0.0,75.36666666666666,147.9666666666667,490.06666666666666,244.23333333333332,343.56666666666666,934.2466666666666,635.5222333333332,2834.5930000000003,123.86096666666667,666.8191,9.5529,48.2846,73.3,16.833333333333332,749.0831999999999,82.68900000000001,0.3333333333333333,1.0333333333333334,0.3333333333333333,0.0,9.133333333333333,0.16666666666666666,0.16666666666666666,3.6568918,85.01125,7.5231166,48.27811,50.47733,17.242897,1.3960763,0.8236964,3.950376,8.304615,17.194048,8.866579,4.448216,0.08301473,0.055372953,0.055372834,0.055373073,0.05215597,0.7555364,2.0218577,5.453739,2.9785924,0.9327029,12.314156,9.755233,70.83203,1.7029513,17.886827,0.29852223,1.0672387,1.3210144,0.8881693,3.151493,0.13149858,-0.038710713,-0.15673888,0.013523221,-0.15673888,-0.18938828,-0.21386504,-0.24266434
697.1333333333333,7690.233333333334,963.9,5626.3,8876.3,3790.4333333333334,324.7,130.33333333333334,276.8,484.73333333333335,1649.3333333333333,939.7666666666667,749.3,0.0,0.0,0.0,0.0,0.0,90.46666666666667,157.4,405.2,261.9,321.1333333333333,1036.6666666666667,712.9333333333333,2963.3333333333335,104.16666666666667,697.0333333333333,26.566666666666666,81.66666666666667,81.6,22.8,749.5666666666667,93.33333333333333,0.0,0.0,0.0,0.0,9.933333333333334,0.0,0.0,562.0833333333334,8480.258333333333,1050.9140006038647,6021.336527777777,9413.041766304346,3839.4664311594215,285.8333333333333,105.12773550724637,218.63333333333333,419.16666666666674,1549.5,863.9333333333333,686.2333302808304,0.0,0.0,0.0,0.0,0.0,75.06666666666666,147.29990028490027,422.9666330891331,213.73333333333332,339.26666666666665,920.1933333333334,672.625,2748.098566666667,128.82763333333332,623.7747,10.013933333333334,46.8365,86.56666666666666,16.766666666666666,721.9138,76.99306944444446,0.0,0.0,0.0,0.0,9.366666666666667,0.0,0.02070138888888889,549.4166666666666,9085.808333333332,1115.9917663043482,6264.251360708536,9936.916799516906,3940.0775301932354,280.9666666666666,183.9999335748792,231.43333333333334,432.66666666666674,1664.9333333333334,885.2666666666667,1298.6,0.16666666666666666,0.0,0.0,0.0,0.0,73.63333333333334,142.8666666666667,478.6666666666667,236.63333333333333,336.1666666666667,886.0466666666666,622.6722333333332,2699.3985333333335,124.0943,639.2246333333334,9.386233333333333,44.95126666666667,74.33333333333333,15.166666666666666,719.4887333333334,78.68900000000001,0.3333333333333333,1.0333333333333334,0.3333333333333333,0.0,8.3,0.16666666666666666,0.16666666666666666,3.6021872,84.67578,7.2300906,55.351192,50.12345,17.977629,1.3417878,0.8504338,3.2628102,8.214133,15.958212,8.114102,4.3870125,0.0813669,0.053569674,0.053569674,0.053569674,0.048124194,0.44644052,2.00272,4.962417,2.5946531,0.8533367,12.119869,9.955179,71.554474,1.6786823,18.092123,0.29703856,1.0655154,1.2726359,0.88651466,3.1069012,0.14062512,-0.037278533,-0.16037238,0.01676166,-0.16037238,-0.19093072,-0.21540749,-0.24266434
697.0333333333333,8025.0,974.1666666666666,5945.833333333333,9089.266666666666,3881.8,324.7,143.16666666666666,265.1333333333333,484.73333333333335,1705.1333333333334,966.3666666666667,754.5333333333333,0.0,0.0,0.0,0.0,0.0,87.13333333333334,157.4,431.53333333333336,258.56666666666666,309.1333333333333,970.0,679.6,2896.6666666666665,121.0,719.9333333333333,26.566666666666666,81.66666666666667,81.6,23.233333333333334,762.9,85.0,0.0,0.0,0.0,0.0,9.933333333333334,0.0,0.0,574.55,8626.891666666666,1064.5140006038646,6124.8365277777775,9529.297333937197,3882.5330978260877,293.0,107.33050120772947,226.5,421.20000000000005,1561.0333333333333,860.2333333333333,712.9666636141635,0.0,0.0,0.0,0.0,0.0,75.86666666666666,148.06656695156695,424.3666330891331,222.06666666666666,341.43333333333334,908.9933333333335,684.625,2752.3985000000002,131.49429999999998,648.9469000000001,10.513933333333334,47.536500000000004,96.03333333333333,17.666666666666668,718.8860000000001,81.62640277777778,0.0,0.0,0.0,0.0,9.366666666666667,0.0,0.02070138888888889,578.3166666666667,9623.408333333333,1165.0250996376815,6609.232727455717,10451.194465579709,4124.3775301932355,291.7666666666666,185.46660024154588,241.43333333333334,457.33333333333337,1755.6666666666667,921.2,1303.6,0.16666666666666666,0.0,0.0,0.0,0.0,75.46666666666667,147.2666666666667,496.6333333333333,241.3,342.53333333333336,922.6133333333332,663.4722333333333,2905.972366666667,127.19430000000001,673.2913000000001,9.686233333333332,48.9846,82.83333333333333,18.066666666666666,824.8220666666667,86.22233333333334,0.3333333333333333,1.0333333333333334,0.3333333333333333,0.0,8.3,0.16666666666666666,0.16666666666666666,3.6707058,80.71823,6.33921,56.25876,48.488914,17.94189,1.4092969,0.76845473,3.339663,8.305546,15.004564,8.03262,4.256122,0.0745132,0.05148542,0.05148554,0.05148554,0.046101093,0.44032025,2.0842638,4.803068,2.4802215,0.85579437,12.398818,10.149067,72.70594,1.7023288,16.983866,0.29609448,1.0721494,1.3343226,0.94298273,3.0624151,0.143237,-0.036257863,-0.16538286,0.01695025,-0.16538286,-0.19689012,-0.22136688,-0.24266434
630.3,8324.933333333332,1059.0666666666666,6245.733333333334,9222.5,3994.0666666666666,324.7,149.03333333333333,265.1333333333333,484.73333333333335,1813.9,973.5333333333333,754.5333333333333,0.0,0.0,0.0,0.0,0.0,87.13333333333334,157.4,417.6666666666667,261.8666666666667,295.1666666666667,986.6666666666666,696.2666666666667,2896.6666666666665,137.66666666666666,703.2666666666667,26.566666666666666,81.66666666666667,88.26666666666667,23.7,796.2333333333333,78.33333333333333,0.0,0.0,0.0,0.0,9.1,0.0,0.0,583.6166666666667,8823.283333333333,1068.247333937198,6220.173560789049,9645.28066727053,3943.0330978260877,286.9,108.99716787439614,229.6,433.70000000000005,1596.9333333333334,871.4,711.4666636141636,0.0,0.0,0.0,0.0,0.0,75.43333333333334,143.53323361823362,410.03329975579976,220.23333333333332,339.03333333333336,909.0933333333335,677.975,2833.014633333333,132.86096666666666,663.7469000000001,10.713933333333333,48.003166666666665,96.63333333333334,19.933333333333334,721.625,80.22640277777779,0.0,0.0,0.0,0.0,8.966666666666667,0.0,0.02070138888888889,588.6666666666666,9900.633333333333,1154.0944323671501,6824.140428743962,10752.661132246376,4227.388864734299,300.63333333333327,189.7999335748792,250.83333333333334,472.40000000000003,1797.4666666666667,964.1333333333333,1305.7666666666667,0.16666666666666666,0.0,0.0,0.0,0.0,76.8,150.43333333333337,508.03333333333336,247.1,346.6333333333333,980.8133333333333,713.3353888888888,3233.3659888888888,130.6943,726.6246333333333,9.686233333333332,54.9846,84.93333333333334,21.566666666666666,898.6276333333333,94.389,0.3333333333333333,1.0333333333333334,0.3333333333333333,0.0,8.633333333333333,0.16666666666666666,0.16666666666666666,3.7689028,73.52986,6.1250668,57.96791,46.59269,17.514275,1.505261,0.80892175,3.6272612,9.208768,13.453544,7.456405,4.475159,0.067064404,0.048823237,0.04882312,0.048823357,0.043954253,0.4339288,2.361876,4.421977,2.5023835,0.8565804,12.484182,10.212352,72.01693,1.831763,15.752562,0.29381102,1.0739971,1.2030634,0.9116298,3.0518613,0.122784376,-0.038405895,-0.16399753,0.0136379,-0.16399753,-0.20324087,-0.22771752,-0.24266434
595.9666666666667,8557.766666666666,1059.0666666666666,6568.566666666667,9344.633333333333,4105.866666666667,324.7,149.03333333333333,265.1333333333333,484.6666666666667,1780.5666666666666,956.8666666666667,721.0666666666667,0.0,0.0,0.0,0.0,0.0,87.13333333333334,157.4,411.0,258.2,291.43333333333334,970.0,679.6,2813.3333333333335,137.66666666666666,686.7333333333333,26.566666666666666,81.66666666666667,88.26666666666667,23.7,851.8333333333334,78.33333333333333,0.0,0.0,0.0,0.0,9.1,0.0,0.0,554.4666666666667,8984.716666666667,1061.8916666666664,6297.995994363929,9768.28066727053,4003.3110990338173,285.23333333333335,107.43050120772948,230.43333333333334,442.00000000000006,1658.4333333333334,892.3666666666667,743.6666636141636,0.0,0.0,0.0,0.0,0.0,73.83333333333333,142.63323361823362,408.6332997557998,219.1,326.76666666666665,918.6933333333334,687.6548444444445,2988.2254333333335,129.32763333333332,672.7135666666668,10.5806,50.2365,97.1,20.1,781.9583333333334,79.15973611111113,0.0,0.0,0.0,0.0,8.966666666666667,0.0,0.02070138888888889,578.3333333333334,9614.583333333334,1114.4944323671502,6509.451527777778,10221.59446557971,3993.2221980676322,285.53333333333325,173.63326690821253,241.76666666666668,450.80000000000007,1710.6666666666667,921.8333333333334,1266.3666666666666,0.16666666666666666,0.0,0.0,0.0,0.0,70.46666666666667,147.93333333333337,500.6666666666667,244.76666666666668,342.8,942.1133333333332,679.7603888888888,3030.260422222222,128.6193,681.8524,9.5529,52.2846,84.6,20.966666666666665,867.8276333333332,92.589,0.3333333333333333,1.0333333333333334,0.3333333333333333,0.0,6.966666666666667,0.16666666666666666,0.16666666666666666,3.7912297,70.99618,6.6291637,61.170895,44.30422,15.871795,1.5270056,0.8314475,3.6985893,9.759369,12.94782,7.2408905,4.647817,0.06457269,0.04767847,0.04767859,0.04767859,0.04303491,0.43248415,2.558273,4.3777685,2.56047,0.8856385,12.306299,10.0397415,71.3146,1.8704505,14.498042,0.29300195,1.0761958,1.1139379,1.1831605,2.9922543,0.107949734,-0.036875725,-0.15396214,0.015740037,-0.15396214,-0.20557582,-0.23005247,-0.24266434
562.6333333333333,8829.6,1141.3333333333333,6718.5,9433.366666666667,4138.966666666666,324.7,149.03333333333333,275.1333333333333,507.7,1827.2,997.2333333333333,687.6333333333333,0.0,0.0,0.0,0.0,0.0,87.13333333333334,160.6,407.6333333333333,258.2,320.1666666666667,986.6666666666666,679.6,2930.0,137.66666666666666,720.0666666666667,26.566666666666666,81.66666666666667,94.93333333333334,25.366666666666667,885.1666666666666,91.73333333333333,0.0,0.0,0.0,0.0,9.1,0.0,0.0,560.1666666666666,9084.691666666668,1077.9166666666665,6310.94046095008,9665.730667270529,3975.677765700484,288.6666666666667,105.7638345410628,232.93333333333334,443.40000000000003,1661.8,899.9,744.6333302808303,0.0,0.0,0.0,0.0,0.0,71.13333333333334,141.4999002849003,402.83329975579977,219.46666666666667,314.96666666666664,920.1800000000001,685.7215111111111,2997.0543444444443,128.66096666666667,674.6913333333334,10.1806,51.10316666666667,101.76666666666667,23.1,806.4110999999999,76.62640277777778,0.0,0.0,0.0,0.0,8.433333333333334,0.0,0.02070138888888889,580.5333333333333,9717.691666666668,1139.7277657004836,6619.310795088569,10355.061132246376,4036.622198067632,286.2666666666666,169.86660024154585,247.66666666666666,454.66666666666674,1708.8666666666666,929.2333333333333,1217.9333333333334,0.16666666666666666,0.0,0.16666666666666663,0.2333333333333333,0.0,69.83333333333333,150.43333333333337,519.7333333333333,254.13333333333333,346.46666666666664,985.9133333333333,704.2701444444443,3085.9230222222222,143.2193,688.1580666666666,14.386233333333333,50.91793333333333,78.6,18.666666666666668,881.9776333333333,96.389,0.3333333333333333,1.0333333333333334,0.3333333333333333,0.0,6.633333333333334,0.16666666666666666,0.16666666666666666,3.7778306,69.80533,7.0285177,63.794846,42.87999,15.500998,1.5146749,0.8870158,3.135532,10.275775,13.403303,6.9539084,4.7038803,0.06935918,0.046679854,0.046679854,0.046679854,0.04237759,0.43287826,2.666219,4.40125,2.4736323,0.9580076,12.675317,10.012004,72.78306,1.9939466,15.264284,0.3012082,1.0841727,1.2030634,1.1767772,2.9869351,0.11847806,-0.02602613,-0.15864062,0.026807904,-0.15864062,-0.15260494,-0.21858537,-0.24266434
529.1333333333333,9024.466666666667,1287.6,6663.1,9547.066666666668,4200.3,324.7,122.23333333333333,251.8,474.23333333333335,1860.3666666666666,960.3666666666667,728.3,0.0,0.0,0.0,0.0,0.0,80.46666666666667,158.3,407.6333333333333,258.2,305.93333333333334,1003.3333333333334,696.2666666666667,3030.0,127.66666666666667,736.7333333333333,26.566666666666666,81.66666666666667,98.6,26.966666666666665,918.5,91.73333333333333,0.0,0.0,0.0,0.0,9.1,0.0,0.0,550.0666666666667,9149.258333333333,1091.05,6385.881429146538,9712.33066727053,3968.2444323671507,297.13330012077296,98.99716787439614,243.83333333333334,450.1333333333334,1679.7666666666667,917.9,713.8666636141636,0.0,0.0,0.0,0.0,0.0,72.16666666666667,144.7332336182336,415.26663308913317,220.8,302.96666666666664,920.6133333333333,691.2402555555557,3005.924827777778,123.9943,671.3913333333334,10.347266666666666,51.1365,93.6,20.566666666666666,815.0777666666667,80.99306944444446,0.0,0.0,0.0,0.0,8.433333333333334,0.0,0.02070138888888889,565.7666666666667,9955.758333333333,1209.69443236715,6738.840428743963,10476.438897946859,4076.655531400965,284.7666666666666,169.86660024154585,261.1666666666667,483.16666666666674,1760.0666666666666,962.6666666666666,1175.2,0.16666666666666666,0.0,0.16666666666666663,0.2333333333333333,0.0,71.2,151.50000000000003,520.1,256.6,332.96666666666664,969.28,695.3034555555555,3122.3771888888887,142.97483333333332,678.5913999999999,13.152899999999999,50.61793333333333,77.93333333333334,19.1,952.7443,100.22233333333334,0.3333333333333333,1.0333333333333334,0.3333333333333333,0.0,6.633333333333334,0.16666666666666666,0.16666666666666666,3.9026198,67.31821,6.142156,61.841652,39.1621,14.021919,1.6179202,0.87620485,3.2425938,9.725535,13.015723,6.5577216,5.1382093,0.063363075,0.043437123,0.043437123,0.043437243,0.039657712,0.42591447,2.731518,4.4487386,2.3538203,0.96777356,13.313445,10.937988,75.011375,1.954446,15.810374,0.31306463,1.0974519,1.2030634,1.2030634,3.1020966,0.12660849,-0.026213884,-0.16210318,0.029991508,-0.16210318,-0.16006684,-0.22604644,-0.24266434
495.43333333333334,9149.533333333333,1287.6,6550.666666666667,9531.266666666666,4171.633333333333,324.7,122.23333333333333,245.13333333333333,474.23333333333335,1777.0,960.3666666666667,704.7,0.0,0.0,0.0,0.0,0.0,70.46666666666667,158.3,474.43333333333334,258.2,301.76666666666665,986.6666666666666,679.6,3063.3333333333335,104.33333333333333,703.0,26.566666666666666,81.66666666666667,83.93333333333334,25.0,1001.8333333333334,100.06666666666666,0.0,0.0,0.0,0.0,9.1,0.0,0.0,543.2333333333333,9256.441666666668,1096.9499999999998,6410.2369967793875,9756.03066727053,3967.04443236715,297.93330012077297,101.19716787439613,249.53333333333333,460.7333333333334,1702.9333333333334,934.8333333333334,686.4999969474969,0.0,0.0,0.0,0.0,0.0,73.23333333333333,147.86656695156697,418.76663308913317,226.8,307.8,905.8133333333334,670.3722222222223,3002.174827777778,120.86096666666666,662.3913333333334,10.147266666666667,50.1365,86.86666666666666,20.233333333333334,824.5777666666667,81.9,0.0,0.0,0.0,0.0,9.1,0.0,0.02070138888888889,557.3,9703.275,1190.9944323671502,6603.895996376813,10266.13889794686,3975.4221980676316,275.19999999999993,168.53326690821254,257.1666666666667,473.5,1721.3666666666666,941.3333333333334,1155.3,0.16666666666666666,0.0,0.16666666666666663,0.2333333333333333,0.0,70.7,148.83333333333337,509.8,251.83333333333334,332.46666666666664,961.0466666666666,675.2367888888889,3011.8438555555554,141.1415,656.1913999999999,13.152899999999999,48.7846,77.23333333333333,19.1,942.6442999999999,99.95566666666667,0.3333333333333333,1.0333333333333334,0.3333333333333333,0.0,6.633333333333334,0.16666666666666666,0.16666666666666666,3.934815,66.46274,6.14957,60.432312,37.523186,13.690464,1.643441,0.8761468,3.562612,9.211896,14.134411,7.080102,5.016861,0.06376088,0.04551208,0.04551208,0.04551208,0.04220879,0.49145025,2.5084355,4.8014755,2.6193056,1.0829115,14.791397,11.979672,79.41685,1.9997534,16.488482,0.32381523,1.1148264,1.2030634,0.95986164,3.2623887,0.13713706,-0.021113038,-0.17393112,0.042424083,-0.17393112,-0.15882337,-0.22746456,-0.24266434
495.43333333333334,8981.966666666667,1203.2333333333333,6583.966666666666,9497.8,4129.233333333334,324.56666666666666,106.93333333333334,268.5,517.8,1793.5,933.4,700.3,0.0,0.0,0.0,0.0,0.0,70.46666666666667,158.23333333333332,521.5666666666667,248.16666666666666,309.53333333333336,1020.0,696.2666666666667,3163.3333333333335,111.0,709.6666666666666,26.566666666666666,81.66666666666667,90.4,24.633333333333333,1068.5,100.06666666666666,0.0,0.0,0.0,0.0,9.1,0.0,0.0,526.7666666666667,9435.675,1107.1166666666663,6498.536996779388,9803.664000603863,3947.84443236715,288.0999667874396,101.73050120772946,250.63333333333333,462.20000000000005,1723.3666666666666,940.9,684.0666636141635,0.0,0.0,0.0,0.0,0.0,68.33333333333333,146.53323361823362,414.84163308913315,239.0,289.8,914.08,677.0375,3003.679183333333,125.86096666666666,650.2302999999999,9.947266666666668,48.9365,93.4,20.4,854.1277666666666,86.4,0.0,0.0,0.0,0.0,9.1,0.0,0.02070138888888889,510.26666666666665,9500.608333333334,1150.5277657004835,6381.673762077296,9865.905564613526,3822.0221980676315,268.79999999999995,163.86660024154585,256.0,460.2,1665.3666666666666,907.1666666666666,1102.4666666666667,0.16666666666666666,0.0,0.16666666666666663,0.2333333333333333,0.0,66.53333333333333,146.8666666666667,500.23333333333335,244.36666666666667,285.1333333333333,920.9466666666666,611.0089888888888,2889.092466666667,124.28036666666667,632.5580666666666,13.819566666666667,45.1846,89.03333333333333,19.766666666666666,915.5776333333332,96.12233333333333,0.3333333333333333,1.0333333333333334,0.3333333333333333,0.0,6.633333333333334,0.16666666666666666,0.16666666666666666,3.7602224,71.82927,6.000693,59.87531,40.83844,15.527253,1.5015311,0.89322853,3.766675,10.016036,15.463722,7.8896065,5.7834516,0.079018235,0.05463648,0.054636836,0.054636598,0.05096817,0.59805465,2.5935571,5.0910807,2.9820971,1.0867933,15.82046,12.338625,83.388115,1.7067068,15.7039995,0.32333702,1.1205252,1.2622087,1.0818708,2.9936817,0.14122486,-0.008316994,-0.17822552,0.055096745,-0.17822552,-0.1500467,-0.21868765,-0.24266434
495.43333333333334,9404.366666666667,1241.6666666666667,6649.566666666667,9857.766666666666,4139.4,324.56666666666666,106.93333333333334,268.5,517.8,1833.4,1010.3666666666667,750.3,0.0,0.0,0.0,0.0,0.0,70.46666666666667,158.23333333333332,548.4,271.53333333333336,326.2,1053.3333333333333,704.8333333333334,3213.3333333333335,117.66666666666667,708.1666666666666,26.566666666666666,81.66666666666667,99.86666666666666,19.633333333333333,1131.8333333333333,100.06666666666666,0.0,0.0,0.0,0.0,9.1,0.0,0.0,541.8666666666667,9527.408333333333,1099.283333333333,6491.951696859903,9804.13066727053,3902.2777657004835,287.3999667874396,127.39993357487921,254.3,471.16666666666674,1715.7666666666667,953.1333333333333,709.3333302808303,0.0,0.0,0.0,0.0,0.0,70.83333333333333,150.7332336182336,428.6666330891331,243.5,283.06666666666666,922.8466666666667,674.3930555555556,3003.7424888888886,129.32763333333332,652.4636333333333,12.613933333333334,48.80316666666667,94.06666666666666,21.066666666666666,900.2888666666665,92.53333333333333,0.0,0.0,0.0,0.0,9.1,0.0,0.02070138888888889,534.5,9890.225,1203.0944323671501,6699.733029388085,10320.61389794686,4002.9221980676316,286.2666666666666,166.26660024154586,263.6666666666667,484.96666666666664,1751.3666666666666,962.9666666666667,1180.5,0.16666666666666666,0.0,0.16666666666666663,0.2333333333333333,0.0,69.93333333333334,153.30000000000004,518.5666666666667,260.2,290.46666666666664,951.7466666666666,634.9784333333333,3042.7202444444442,125.94703333333334,671.2247333333332,14.152899999999999,47.151266666666665,94.23333333333333,20.1,996.9442999999999,109.92233333333334,0.3333333333333333,1.0333333333333334,0.3333333333333333,0.0,6.633333333333334,0.16666666666666666,0.16666666666666666,3.5522132,77.82024,5.7898355,66.05306,44.911278,17.375355,1.2998592,0.9137901,3.5935578,9.770655,15.21834,7.6482434,5.926628,0.09320712,0.062412143,0.062412024,0.062412262,0.05778861,0.6154151,2.4012375,4.915653,2.791525,1.0978398,17.183882,13.273749,88.84096,1.7727922,16.422043,0.33413088,1.1341916,1.4263932,1.2030634,2.9549127,0.15444255,0.01240778,-0.17917216,0.07730484,-0.16221452,-0.13940573,-0.2080468,-0.24266434
495.43333333333334,10004.366666666667,1308.5666666666666,6717.033333333334,10124.433333333332,4106.5,324.56666666666666,106.93333333333334,268.5,497.6666666666667,1867.6666666666667,1062.1,785.0,0.0,0.0,0.0,0.0,0.0,70.46666666666667,154.8,565.2666666666667,271.53333333333336,326.3666666666667,1070.0,691.5,3233.3333333333335,124.33333333333333,666.8333333333334,26.566666666666666,81.66666666666667,106.53333333333333,19.633333333333333,1196.0,123.4,0.0,0.0,0.0,0.0,9.1,0.0,0.0,518.4,9759.658333333333,1128.583333333333,6620.340561594203,10101.82509963768,3962.34443236715,299.2333001207729,124.83326690821255,254.46666666666667,477.00000000000006,1739.3666666666666,948.0666666666667,732.299996947497,0.0,0.0,0.0,0.0,0.0,67.03333333333335,150.53323361823362,441.9749664224665,251.26666666666668,280.56666666666666,934.7800000000001,675.1847111111111,3058.975177777778,126.69983333333333,664.9636333333333,12.2806,49.10316666666667,102.86666666666666,19.4,959.7221999999999,98.26666666666667,0.0,0.0,0.0,0.0,9.1,0.0,0.02070138888888889,543.0,10095.558333333332,1180.2166666666672,6865.851527777779,10531.536132246376,4075.577765700482,301.19999999999993,165.43326690821252,268.3333333333333,501.9,1789.1,978.7333333333333,1182.6666666666667,0.16666666666666666,0.0,0.16666666666666663,0.2333333333333333,0.0,71.6,158.80000000000004,529.9,265.9,289.96666666666664,979.8466666666666,642.8006555555554,3225.4716333333336,119.8137,695.9580666666666,13.486233333333333,49.61793333333333,93.23333333333333,20.266666666666666,1060.8443,113.52233333333334,0.3333333333333333,1.0333333333333334,0.3333333333333333,0.0,6.633333333333334,0.16666666666666666,0.16666666666666666,3.3988342,81.708786,5.63346,70.05889,46.80812,17.86341,1.2030634,0.9339816,3.9692154,9.978355,16.941288,8.485443,6.169073,0.106645465,0.07073784,0.07073784,0.07073772,0.06543136,0.62828606,2.217857,4.9082294,2.6112566,1.1061448,18.141048,13.972006,95.40225,1.721268,17.38432,0.34373742,1.1490337,1.4901791,1.2030634,2.957197,0.16479886,0.029394507,-0.18983483,0.09917486,-0.17287743,-0.1317451,-0.20038593,-0.24266434
495.43333333333334,10023.566666666668,1350.3666666666666,6617.266666666666,10042.466666666667,4039.7,324.56666666666666,106.93333333333334,268.5,511.1,1854.5,1008.7,811.8333333333334,0.0,0.0,0.0,0.0,0.0,70.46666666666667,161.53333333333333,548.5666666666667,274.06666666666666,309.6666666666667,1020.0,681.5,3133.3333333333335,124.33333333333333,666.8333333333334,26.5,81.66666666666667,106.53333333333333,19.033333333333335,1179.3333333333333,112.4,0.0,0.0,0.0,0.0,9.1,0.0,0.0,531.5,9983.583333333334,1119.783333333333,6777.644263285024,10298.958432971012,4029.44443236715,307.83330012077295,121.36660024154588,257.1666666666667,490.7333333333334,1769.7,963.8333333333334,754.1333302808303,0.0,0.0,0.0,0.0,0.0,69.93333333333334,153.3999002849003,486.1999664224665,259.5,298.76666666666665,919.7133333333334,681.6708,3243.712666666667,123.9276,694.5761333333334,13.313933333333333,50.37083333333333,101.7,19.133333333333333,1015.1277666666666,99.03333333333333,0.0,0.0,0.0,0.0,9.1,0.0,0.02070138888888889,487.3,9906.283333333333,1156.1666666666672,6745.514496779389,10367.899897342993,3947.133097826086,294.4666666666666,149.3999335748792,263.26666666666665,492.3666666666667,1778.8,968.3666666666667,1112.2666666666667,0.16666666666666666,0.0,0.16666666666666663,0.2333333333333333,0.0,70.53333333333333,154.33333333333337,520.3666666666667,266.06666666666666,278.8,926.3466666666666,653.5311888888888,3198.1285666666668,133.8748,691.1372333333333,13.4529,47.35126666666667,95.46666666666667,20.066666666666666,1074.0109666666665,113.55566666666667,0.3333333333333333,1.0333333333333334,0.3333333333333333,0.0,4.7,1.8333333333333333,0.16666666666666666,3.2215204,86.90421,7.0500255,74.03283,49.912292,18.592617,1.2030634,1.0071454,4.064057,10.162801,17.402876,8.748364,6.7894163,0.12232578,0.07817316,0.07817304,0.07817304,0.07263887,0.68988293,2.1396143,4.894268,2.4152064,1.1624271,18.370726,13.965905,99.03638,1.7535613,17.631598,0.34574413,1.1548586,1.4027948,1.2030634,2.7976487,0.16794288,0.043865204,-0.1908046,0.11429095,0.1415652,-0.121953845,-0.19059479,-0.24266434
495.43333333333334,10176.166666666666,1325.9,6416.433333333333,10009.133333333333,4146.266666666666,241.33333333333334,120.76666666666667,285.1666666666667,510.8333333333333,1870.8666666666666,1035.5333333333333,820.1666666666666,0.0,0.0,0.0,0.0,0.0,73.8,164.86666666666667,545.2333333333333,280.8666666666667,303.1333333333333,980.0,648.1666666666666,3100.0,124.33333333333333,667.3333333333334,26.5,81.66666666666667,106.1,17.966666666666665,1246.0,122.4,0.0,0.0,0.0,0.0,4.1,0.0,0.0,537.5,9909.25,1101.4333333333332,6705.27019726248,10204.019432367148,3960.7997644927536,306.7999667874396,121.73326690821254,265.1333333333333,494.0333333333334,1779.0,970.7,749.0666636141635,0.0,0.0,0.0,0.0,0.0,71.03333333333333,156.33333333333334,497.49996642246646,261.76666666666665,274.76666666666665,903.2800000000001,646.5482333333333,3190.146,119.59426666666667,696.6761333333333,13.747266666666667,49.104166666666664,108.26666666666667,19.133333333333333,1021.4555333333333,101.43333333333334,0.0,0.0,0.0,0.0,9.1,0.0,0.02070138888888889,499.53333333333336,10173.25,1168.8750000000005,6943.9327294686,10544.199897342993,4070.9664311594192,284.59999999999997,141.08603260869566,277.0,533.9666666666667,1788.7666666666667,1006.9666666666667,1114.7666666666667,0.16666666666666666,0.0,0.16666666666666663,0.2333333333333333,0.0,75.93333333333334,163.53333333333336,532.7,280.73333333333335,275.6666666666667,912.3066666666666,618.2368555555554,3190.295288888889,129.04146666666668,700.3372333333333,12.480566666666666,43.630599999999994,93.76666666666667,20.533333333333335,1087.4916333333333,115.72233333333334,0.3333333333333333,1.0333333333333334,0.0,0.0,4.7,1.8333333333333333,0.16666666666666666,4.080946,86.82325,6.981733,75.54731,51.23871,18.863838,1.2030634,1.0208349,3.9862318,10.847453,18.696602,9.000594,7.3399587,0.13411784,0.085942864,0.085942864,0.085942864,0.080017686,0.7015169,2.2186415,5.188758,2.6286755,1.2030634,18.32478,13.920765,99.01395,1.7438532,17.58558,0.34477645,1.155714,1.3639189,1.2030634,2.7448628,0.16793609,0.047886133,-0.18630397,0.11808431,0.14606607,-0.114269376,-0.18291056,-0.24266434
578.6666666666666,10395.433333333332,1324.9,6293.066666666667,10259.233333333334,4147.333333333333,241.3,122.66666666666667,285.1666666666667,510.6333333333333,1884.1666666666667,1057.6333333333334,830.4666666666667,0.0,0.0,0.0,0.0,0.0,77.13333333333334,168.2,548.9,287.6333333333333,304.96666666666664,940.0,621.5,3066.6666666666665,124.33333333333333,693.5,27.533333333333335,81.66666666666667,99.43333333333334,17.766666666666666,1235.6666666666667,122.4,0.0,0.0,0.0,0.0,4.1,0.0,0.0,518.1,9777.258333333333,1080.7416666666663,6587.392397342995,10012.780564613526,3887.96643115942,297.9666334541063,103.83326690821255,252.5,485.5333333333334,1736.1333333333334,960.5,737.8666636141636,0.0,0.0,0.0,0.0,0.0,71.36666666666666,156.96666666666667,509.50000000000006,266.3,273.46666666666664,886.0066666666667,625.9067,3139.5918666666666,116.36373333333334,688.5844666666667,13.4506,47.47893333333333,105.6,18.633333333333333,1044.8695333333333,105.8,0.0,0.0,0.0,0.0,8.166666666666666,0.0,0.02070138888888889,515.8333333333334,10500.308333333332,1207.3750000000005,7100.399396135267,10774.327696256036,4125.366431159419,290.16666666666663,139.75269927536232,296.0,557.7,1854.7,1031.1,1103.1666666666667,0.0,0.0,0.16666666666666663,0.2333333333333333,0.0,82.33333333333333,177.33333333333337,559.5666666666667,298.6666666666667,297.1,941.9066666666665,581.3174222222221,3193.320288888889,117.85536666666667,735.1178,12.247233333333334,43.99726666666666,89.63333333333334,21.2,1127.1249666666665,119.15566666666668,0.0,0.0,0.0,0.0,4.7,1.8333333333333333,0.16666666666666666,4.400078,86.69177,6.8813734,80.16949,52.516747,19.613401,1.2030634,1.0372252,3.8829122,11.7532,19.95128,9.278628,7.6098204,0.14503944,0.09428239,0.09428239,0.09428239,0.08787966,0.7138322,2.376409,5.3878055,2.832022,1.2030634,18.261934,13.859219,98.9858,1.7337737,17.523163,0.3459155,1.1565604,1.312454,1.2030634,2.6712136,0.17803037,0.05356157,-0.18036485,0.12338781,0.15200531,-0.1049906,-0.17363179,-0.24266434
579.2666666666667,10731.8,1324.9,6437.1,10572.166666666666,4265.4,241.3,122.66666666666667,302.23333333333335,556.3333333333334,1944.2,1110.2333333333333,860.3333333333334,0.0,0.0,0.0,0.0,0.0,77.13333333333334,174.9,565.6333333333333,304.3666666666667,308.1,916.6666666666666,604.8333333333334,3133.3333333333335,111.2,700.8333333333334,27.533333333333335,81.66666666666667,106.1,19.433333333333334,1204.1666666666667,121.83333333333333,0.0,0.0,0.0,0.0,4.1,0.0,0.0,486.06666666666666,9900.508333333333,1099.5416666666665,6639.2627636876,10157.480564613526,3934.033097826087,284.5666334541063,111.16660024154588,253.03333333333333,497.1000000000001,1769.5666666666666,983.3333333333334,761.1666636141636,0.0,0.0,0.0,0.0,0.0,71.76666666666667,161.76666666666668,525.1333333333334,279.53333333333336,273.96666666666664,847.0066666666667,594.2733666666667,3089.5251999999996,104.79706666666668,680.0178,12.8499,44.3456,102.93333333333334,18.366666666666667,1042.1028666666666,112.13333333333334,0.0,0.0,0.0,0.0,8.166666666666666,0.0,0.02070138888888889,474.1166666666667,9899.4,1148.191666666667,6658.918095813206,10054.102563405793,3852.3664311594193,263.79999999999995,123.58883152173914,266.23333333333335,507.4,1667.1,917.8,702.6333333333333,0.0,0.0,0.16666666666666663,0.2333333333333333,0.0,78.83333333333333,162.0666666666667,522.1333333333333,277.56666666666666,270.6,935.8933333333334,570.9257555555555,3103.4826222222223,110.8777,689.6067999999999,12.1499,42.011266666666664,86.13333333333334,21.2,1107.0806333333333,114.975,0.0,0.0,0.0,0.0,3.033333333333333,1.8333333333333333,0.16666666666666666,4.362565,86.59093,6.798367,86.13798,53.47143,19.512543,2.0618105,1.0508219,3.9220786,12.083839,19.86247,9.1887245,7.7633934,0.15713346,0.10148704,0.10148704,0.10148692,0.0951339,0.77028185,2.4737957,5.63453,2.7621732,1.2030634,17.95638,13.482869,96.75694,1.5550091,16.749233,0.3430757,1.1487004,1.3229619,1.2030634,2.6156194,0.1744256,0.050480604,-0.17060626,0.12258172,0.1617639,-0.095782995,-0.16442406,-0.24266434
571.9666666666667,10550.566666666668,1324.9,6450.533333333334,10503.5,4217.233333333334,241.3,122.66666666666667,300.23333333333335,539.6666666666666,1894.2666666666667,1063.5333333333333,769.2,0.0,0.0,0.0,0.0,0.0,83.8,171.56666666666666,575.6666666666666,304.1666666666667,313.26666666666665,850.0,567.2666666666667,2991.9666666666667,111.2,711.0333333333333,27.533333333333335,81.66666666666667,103.26666666666667,19.433333333333334,1187.8666666666666,115.16666666666667,0.0,0.0,0.0,0.0,4.1,0.0,0.0,496.8666666666667,9939.375,1099.6749999999997,6582.658798309179,10119.080564613525,3911.399764492754,271.23263285024154,107.76660024154587,272.3,524.0333333333334,1833.1666666666667,1012.7,760.7333302808303,0.0,0.0,0.0,0.0,0.0,73.3,161.63323361823362,540.5000000000001,285.8666666666667,295.8,861.4733333333334,609.7733666666667,3090.5918666666666,106.96373333333334,693.0178,14.049900000000001,43.645599999999995,103.0,18.366666666666667,1100.8028666666664,118.33333333333333,0.0,0.0,0.0,0.0,7.5,0.0,0.02070138888888889,465.45,9628.1,1088.7833333333335,6343.618095813205,9631.102530193235,3617.599764492753,248.8333333333333,118.86939915458937,268.53333333333336,485.53333333333336,1549.0333333333333,859.2333333333333,629.6,0.0,0.0,0.16666666666666663,0.2333333333333333,0.0,62.166666666666664,145.30000000000004,460.43333333333334,241.69999999999996,233.3,926.8266666666667,564.9257555555555,3003.9117888888886,124.6777,656.5206999999999,15.416566666666666,42.577933333333334,96.13333333333334,21.033333333333335,1075.2778666666666,110.34166666666667,0.0,0.0,0.0,0.0,3.033333333333333,1.8333333333333333,0.16666666666666666,3.8315516,86.61668,6.7359385,92.1158,54.45338,19.596928,2.3128917,1.0581534,3.7134662,11.898065,19.544363,8.978882,7.807656,0.16020417,0.10256302,0.102562904,0.102562785,0.09604132,0.7749666,2.4438295,5.647201,2.6180391,1.2030634,17.707834,13.243989,96.74101,1.5464967,15.825694,0.34265208,1.1479545,1.2778159,1.2030634,2.537466,0.17641604,0.05059576,-0.16952789,0.12588108,0.16284192,-0.0940429,-0.16268384,-0.24266434
630.6333333333333,10673.466666666667,1324.9,6543.8,10860.266666666666,4248.666666666667,241.3,122.66666666666667,280.1666666666667,489.6,1910.9,1080.4666666666667,783.9333333333333,0.0,0.0,0.0,0.0,0.0,87.13333333333334,154.86666666666667,592.1666666666666,327.43333333333334,328.96666666666664,783.3333333333334,533.9333333333333,2841.9666666666667,110.86666666666666,677.2,27.533333333333335,81.66666666666667,100.93333333333334,18.266666666666666,1207.8666666666666,115.2,0.0,0.0,0.0,0.0,4.1,0.0,0.0,508.3,9995.6,1091.1083333333331,6597.329164653784,10123.01943236715,3889.699764492754,262.1326328502416,112.43326690821254,279.4,534.9666666666667,1815.8,999.2333333333333,836.8666636141636,0.0,0.0,0.0,0.0,0.0,73.5,161.86656695156697,545.3333333333334,292.3666666666667,292.6666666666667,859.5066666666667,623.8067,3075.4085333333333,118.86373333333334,691.5178,14.283233333333333,46.5456,104.33333333333333,18.2,1131.3028666666664,122.13333333333334,0.0,0.0,0.0,0.0,7.5,0.0,0.02070138888888889,493.21666666666664,10311.15,1168.4833333333336,6728.1810285829315,10266.602530193235,3879.9997644927525,268.83333333333326,125.76939915458937,296.8333333333333,522.2,1659.9,936.9,668.9333333333333,0.0,0.0,0.16666666666666663,0.2333333333333333,0.0,68.43333333333334,160.63333333333335,510.6333333333333,272.09999999999997,243.3,979.0600000000001,580.7646555555555,3116.7228888888885,126.41103333333334,709.9207,15.516566666666668,49.37793333333333,96.3,21.866666666666667,1167.2778666666668,117.04166666666667,0.0,0.0,0.0,0.0,3.8666666666666667,1.8333333333333333,0.16666666666666666,3.8027105,87.33911,6.707596,92.07844,55.821808,20.54596,2.2841787,1.0080698,3.7931013,11.598679,19.502674,8.731967,8.04149,0.16178071,0.10378957,0.10378933,0.10378921,0.097157955,0.8000531,2.302512,5.721161,2.5601268,1.2030634,16.91708,13.639848,96.739,1.5452312,14.844672,0.34272224,1.1480939,1.2030634,1.2030634,2.4812803,0.1580782,0.050409675,-0.16433978,0.12755883,0.16803002,-0.09426844,-0.16290939,-0.24266434
563.9666666666667,10826.233333333334,1324.9,6471.1,10884.766666666666,4345.933333333333,241.3,122.66666666666667,280.1666666666667,512.9666666666667,1944.4666666666667,1063.8,750.5333333333333,0.0,0.0,0.0,0.0,0.0,87.13333333333334,164.9,592.1666666666666,327.43333333333334,315.6333333333333,766.6666666666666,517.2666666666667,2825.3,110.86666666666666,653.3666666666667,27.533333333333335,81.66666666666667,107.13333333333334,18.266666666666666,1207.8666666666666,118.56666666666666,0.0,0.0,0.0,0.0,3.0,0.0,0.0,519.7666666666667,10331.583333333334,1128.4916666666663,6680.144098228662,10344.749897342994,4001.445963164252,254.53263285024155,111.43606582125602,290.46666666666664,548.7666666666668,1833.5333333333333,1012.7333333333333,802.538598901099,0.0,0.0,0.0,0.0,0.0,76.0,162.56656695156695,551.2333333333333,293.5,291.9,915.76,615.9483666666667,3146.5153,116.68606666666666,703.1401333333332,15.1499,51.0456,101.83333333333333,18.866666666666667,1178.2251999999999,120.3,0.0,0.0,0.0,0.0,7.5,0.0,0.02070138888888889,503.71666666666664,10834.4,1224.8833333333337,7027.318029388085,10807.246862922704,4041.5886654589362,296.36666666666656,122.36939915458937,308.9,568.1,1750.3333333333333,990.1,673.7666666666667,0.0,0.0,0.16666666666666663,0.2333333333333333,0.0,76.4,171.03333333333336,556.9333333333333,292.9,251.86666666666667,986.3933333333334,618.1313222222221,3250.822888888889,128.64436666666668,751.2873666666667,24.383233333333337,52.91126666666666,90.86666666666666,22.2,1209.9778666666668,119.70833333333333,0.0,0.0,0.0,0.0,3.8666666666666667,1.8333333333333333,0.16666666666666666,3.2341003,86.4472,6.7029552,93.24007,56.159607,20.5312,2.2792335,0.9677335,3.7308621,11.678984,19.304564,9.40076,8.274489,0.15825963,0.10401058,0.10401058,0.10401106,0.09718251,0.79762805,2.1665049,5.609693,2.63763,1.2030634,16.01397,14.464045,94.17104,1.60504,14.022961,0.34146684,1.1408422,1.4327165,1.2030634,2.4194336,0.1468234,0.042649627,-0.14939773,0.11899185,0.1829722,-0.12428224,-0.16897881,-0.24266434
530.6666666666666,10901.333333333334,1258.2333333333333,6475.566666666667,11138.866666666667,4362.633333333333,240.26666666666668,118.33333333333333,312.26666666666665,513.0333333333333,1894.4333333333334,1053.5,717.2,0.0,0.0,0.0,0.0,0.0,73.76666666666667,158.73333333333332,592.1333333333333,310.1,298.1666666666667,763.3333333333334,517.2666666666667,2891.9666666666667,114.2,720.0333333333333,27.533333333333335,81.66666666666667,103.8,18.266666666666666,1224.5333333333333,121.9,0.0,0.0,0.0,0.0,3.0,0.0,0.0,519.5833333333334,10471.933333333332,1137.783333333333,6771.140398550724,10566.108197463767,4060.3553321256045,247.89929951690823,106.18330012077293,287.56666666666666,540.7,1845.5,1031.3,815.2052655677655,0.0,0.0,0.0,0.0,0.0,76.56666666666666,156.3999002849003,543.5,282.26666666666665,281.26666666666665,929.66,614.8483666666667,3200.6611333333335,109.75273333333334,721.6206999999999,16.4499,52.745599999999996,102.56666666666666,17.733333333333334,1195.1890999999998,121.86666666666666,0.0,0.0,0.0,0.0,5.1,0.0,0.02070138888888889,450.08333333333337,10723.533333333333,1211.5500000000004,6798.943963365541,10543.546862922702,3902.0219987922706,276.53333333333325,115.43606582125604,319.6666666666667,549.1666666666666,1685.2,981.8,614.4333333333333,0.0,0.0,0.16666666666666663,0.2333333333333333,0.0,75.96666666666667,171.56666666666666,533.3666666666667,280.3333333333333,220.1,974.2933333333334,610.8313222222222,3166.8895555555555,129.2777,752.4873666666666,25.51656666666667,54.3446,87.46666666666667,23.533333333333335,1211.7445333333335,118.375,0.0,0.0,0.0,0.0,3.8333333333333335,1.8333333333333333,0.16666666666666666,3.9286704,86.55828,6.7022305,91.13728,56.168064,20.895035,2.2777724,1.0181423,3.82584,12.216966,19.31705,9.135887,8.414001,0.16308427,0.105656624,0.10565686,0.105656385,0.09896231,0.8007473,2.1702027,5.870521,2.6730914,1.2030634,15.294791,14.484802,90.920425,1.4262025,13.552805,0.34255987,1.1346617,1.4337475,1.2030634,2.2710521,0.14816344,0.043746114,-0.13072121,0.1198349,0.20164871,-0.08048272,-0.15710533,-0.24266434
530.6666666666666,11085.4,1191.0666666666666,6427.666666666667,11224.4,4328.3,240.26666666666668,129.53333333333333,312.26666666666665,523.3666666666667,1845.3333333333333,1009.2666666666667,681.9333333333333,0.0,0.0,0.0,0.0,0.0,70.3,151.96666666666667,625.7333333333333,303.6333333333333,281.43333333333334,746.6666666666666,500.6,2858.633333333333,104.2,703.3666666666667,27.533333333333335,81.66666666666667,105.13333333333334,18.2,1224.5333333333333,121.9,0.0,0.0,0.0,0.0,3.0,0.0,0.0,478.65,10410.033333333333,1149.0166666666664,6705.207065217391,10489.308197463768,4003.821998792271,243.13263285024155,109.5499667874396,291.5,545.9000000000001,1854.4,1060.6,812.4719322344322,0.0,0.0,0.0,0.0,0.0,84.03333333333333,166.36656695156697,567.2,288.8,284.73333333333335,907.36,586.6817,3133.8944666666666,103.45273333333334,721.1873666666667,16.8499,54.87793333333333,96.23333333333333,18.566666666666666,1193.6890999999998,115.9,0.0,0.0,0.0,0.0,4.166666666666667,0.0,0.02070138888888889,426.41666666666674,10212.033333333333,1166.0833333333337,6487.917962962964,9958.030163043475,3723.988665458937,261.3999999999999,105.76939915458937,309.6666666666667,535.0333333333333,1620.2,942.8,599.2333333333333,0.0,0.0,0.16666666666666663,0.2333333333333333,0.0,70.46666666666667,164.63333333333333,489.53333333333336,266.49999999999994,180.26666666666668,926.2933333333334,584.1313222222221,3083.656222222222,127.24436666666666,730.5873666666666,25.416566666666668,53.7446,79.46666666666667,22.866666666666667,1177.8778666666667,115.875,0.0,0.0,0.0,0.0,3.8333333333333335,1.8333333333333333,0.16666666666666666,4.191222,85.71223,7.0498915,89.06921,57.268547,21.642258,2.305754,1.0139595,3.2419076,12.267684,17.517569,9.099104,8.944152,0.16226435,0.104418516,0.104418516,0.1044184,0.09755659,0.7556147,2.220605,5.2228484,2.6235628,1.2299923,15.375169,14.556831,87.21957,1.4716272,12.979992,0.34003836,1.1238158,1.8080771,1.2030634,2.186166,0.1395582,0.037518382,-0.12079048,0.1108731,0.21157956,-0.080349445,-0.15697181,-0.24266434
599.4,10970.566666666668,1124.3666666666666,6079.1,11027.933333333332,4264.0,240.26666666666668,139.73333333333332,325.6,473.3333333333333,1864.8,995.4,723.1,0.0,0.0,0.0,0.0,0.0,80.33333333333333,141.9,610.6666666666666,328.0,245.7,770.8333333333334,517.2666666666667,2825.3,117.73333333333333,730.7,27.533333333333335,81.66666666666667,98.43333333333334,21.533333333333335,1214.5333333333333,115.3,0.0,0.0,0.0,0.0,3.8333333333333335,0.0,0.0,456.9166666666667,10474.366666666667,1140.383333333333,6588.373731884057,10450.1415307971,3960.155265700484,240.8659661835749,109.88330012077293,301.5,536.8333333333334,1824.4,1017.2,765.8052655677656,0.0,0.0,0.0,0.0,0.0,81.4,162.6,568.2333333333333,288.93333333333334,286.1,873.36,572.8150333333334,3095.4611333333332,105.85273333333335,707.5206999999999,18.683233333333337,56.41126666666666,89.96666666666667,20.066666666666666,1182.6168666666665,119.3,0.0,0.0,0.0,0.0,3.3333333333333335,0.0,0.02070138888888889,511.85,10753.283333333333,1222.566666666667,6665.647729468601,10392.902364130432,3896.855332125603,267.9666666666666,95.96939915458937,319.8333333333333,576.8666666666667,1762.9666666666667,1009.0333333333334,753.4,0.0,0.0,0.16666666666666663,0.2333333333333333,0.0,75.73333333333333,174.1,519.4333333333333,290.76666666666665,182.4,932.7600000000001,591.2590888888888,3142.178655555556,135.24436666666668,749.6014666666666,25.81656666666667,56.077933333333334,78.0,22.533333333333335,1189.6778666666667,113.84166666666667,0.0,0.0,0.0,0.0,3.8333333333333335,1.8333333333333333,0.16666666666666666,4.24914,83.1501,7.592441,87.56226,56.568382,21.551147,2.3620973,0.9065193,2.9859266,11.920122,17.382088,8.649011,9.19875,0.1581788,0.101204395,0.101204395,0.10120475,0.09426904,0.7502695,2.1733556,5.1933804,2.515039,1.3198042,15.477678,14.650926,83.533775,1.5345098,12.407832,0.33630645,1.1117494,1.9539132,1.2030634,2.176142,0.1376661,0.03002894,-0.11199868,0.099693775,0.2203713,-0.08340597,-0.16002858,-0.24266434
