0,1,2,3,4,5,6,7,8,9,10,11,12,13,14,15,16,17,18,19,20,21,22,23,24,25,26,27,28,29,30,31,32,33,34,35,36,37,38,39,40,41,42,43,44,45,46,47,48,49,50,51,52,53,54,55,56,57,58,59,60,61,62,63,64,65,66,67,68,69,70,71,72,73,74,75,76,77,78,79,80,81,82,83,84,85,86,87,88,89,90,91,92,93,94,95,96,97,98,99,100,101,102,103,104,105,106,107,108,109,110,111,112,113,114,115,116,117,118,119,120,121,122,production_unit_AT5X5K_pred,delivery_unit_AT5X5K_pred,sales_order_unit_AT5X5K_pred,production_unit_ATN01K24P_pred,delivery_unit_ATN01K24P_pred,sales_order_unit_ATN01K24P_pred,production_unit_ATN02K12P_pred,delivery_unit_ATN02K12P_pred,sales_order_unit_ATN02K12P_pred,production_unit_ATPA1K24P_pred,delivery_unit_ATPA1K24P_pred,sales_order_unit_ATPA1K24P_pred,production_unit_ATPPCH5X5K_pred,delivery_unit_ATPPCH5X5K_pred,sales_order_unit_ATPPCH5X5K_pred,production_unit_ATWWP001K24P_pred,delivery_unit_ATWWP001K24P_pred,sales_order_unit_ATWWP001K24P_pred,production_unit_ATWWP002K12P_pred,delivery_unit_ATWWP002K12P_pred,sales_order_unit_ATWWP002K12P_pred,production_unit_EEA200G24P_pred,delivery_unit_EEA200G24P_pred,sales_order_unit_EEA200G24P_pred,production_unit_EEA500G12P_pred,delivery_unit_EEA500G12P_pred,sales_order_unit_EEA500G12P_pred,production_unit_MAC1K25P_pred,delivery_unit_MAC1K25P_pred,sales_order_unit_MAC1K25P_pred,production_unit_MAHS025K_pred,delivery_unit_MAHS025K_pred,sales_order_unit_MAHS025K_pred,production_unit_MAP1K25P_pred,delivery_unit_MAP1K25P_pred,sales_order_unit_MAP1K25P_pred,production_unit_MAPA1K24P_pred,delivery_unit_MAPA1K24P_pred,sales_order_unit_MAPA1K24P_pred,production_unit_MAR01K24P_pred,delivery_unit_MAR01K24P_pred,sales_order_unit_MAR01K24P_pred,production_unit_MAR02K12P_pred,delivery_unit_MAR02K12P_pred,sales_order_unit_MAR02K12P_pred,production_unit_MASR025K_pred,delivery_unit_MASR025K_pred,sales_order_unit_MASR025K_pred,production_unit_POP001L12P_pred,delivery_unit_POP001L12P_pred,sales_order_unit_POP001L12P_pred,production_unit_POP001L12P.1_pred,delivery_unit_POP001L12P.1_pred,sales_order_unit_POP001L12P.1_pred,production_unit_POP002L09P_pred,delivery_unit_POP002L09P_pred,sales_order_unit_POP002L09P_pred,production_unit_POP005L04P_pred,delivery_unit_POP005L04P_pred,sales_order_unit_POP005L04P_pred,production_unit_POP015K_pred,delivery_unit_POP015K_pred,sales_order_unit_POP015K_pred,production_unit_POP500M24P_pred,delivery_unit_POP500M24P_pred,sales_order_unit_POP500M24P_pred,production_unit_POPF01L12P_pred,delivery_unit_POPF01L12P_pred,sales_order_unit_POPF01L12P_pred,production_unit_POV001L24P_pred,delivery_unit_POV001L24P_pred,sales_order_unit_POV001L24P_pred,production_unit_POV002L09P_pred,delivery_unit_POV002L09P_pred,sales_order_unit_POV002L09P_pred,production_unit_POV005L04P_pred,delivery_unit_POV005L04P_pred,sales_order_unit_POV005L04P_pred,production_unit_POV500M24P_pred,delivery_unit_POV500M24P_pred,sales_order_unit_POV500M24P_pred,production_unit_SE200G24P_pred,delivery_unit_SE200G24P_pred,sales_order_unit_SE200G24P_pred,production_unit_SE500G24P_pred,delivery_unit_SE500G24P_pred,sales_order_unit_SE500G24P_pred,production_unit_SO0001L12P_pred,delivery_unit_SO0001L12P_pred,sales_order_unit_SO0001L12P_pred,production_unit_SO0002L09P_pred,delivery_unit_SO0002L09P_pred,sales_order_unit_SO0002L09P_pred,production_unit_SO0005L04P_pred,delivery_unit_SO0005L04P_pred,sales_order_unit_SO0005L04P_pred,production_unit_SO0500M24P_pred,delivery_unit_SO0500M24P_pred,sales_order_unit_SO0500M24P_pred,production_unit_SOP001L12P_pred,delivery_unit_SOP001L12P_pred,sales_order_unit_SOP001L12P_pred,production_unit_SOS001L12P_pred,delivery_unit_SOS001L12P_pred,sales_order_unit_SOS001L12P_pred,production_unit_SOS002L09P_pred,delivery_unit_SOS002L09P_pred,sales_order_unit_SOS002L09P_pred,production_unit_SOS003L04P_pred,delivery_unit_SOS003L04P_pred,sales_order_unit_SOS003L04P_pred,production_unit_SOS005L04P_pred,delivery_unit_SOS005L04P_pred,sales_order_unit_SOS005L04P_pred,production_unit_SOS008L02P_pred,delivery_unit_SOS008L02P_pred,sales_order_unit_SOS008L02P_pred,production_unit_SOS250M48P_pred,delivery_unit_SOS250M48P_pred,sales_order_unit_SOS250M48P_pred,production_unit_SOS500M24P_pred,delivery_unit_SOS500M24P_pred,sales_order_unit_SOS500M24P_pred
1353.3334,1413.478,1324.1466,3365.1667,3702.9265,3686.693,846.26666,872.7361,913.44165,0.0,0.0,1.0333333,0.0,0.0,0.33333334,77.2,65.28653,59.161133,18.066668,17.065968,15.069433,0.0,0.0,0.0,0.0,0.0,0.0,7.9,3.8333333,6.1666665,31.166666,26.0,25.7,3.3333333,3.3333333,3.3333333,0.0,0.0,0.33333334,766.5333,755.32086,739.7695,130.3,143.22496,163.86943,95.96667,93.73333,128.96666,808.36664,789.3333,991.4667,308.56668,286.93332,292.33334,78.7,74.46667,76.76667,53.333332,43.79997,44.233334,0.0,0.0,0.16666667,150.13333,129.53334,146.8,235.1,230.6,233.7,977.3,993.3,1010.93335,266.6,265.26666,268.36667,160.53334,167.46666,165.46666,577.13336,613.0333,606.3,68.2,71.73333,59.966667,765.93335,795.3472,678.2722,0.0,0.0,0.0,0.0,0.0,0.5,0.0,0.0,0.0,0.0,0.0,0.0,110.23333,115.00554,124.57777,9527.467,9331.425,8926.934,6394.1,5944.77,5662.018,1034.7333,1003.389,993.83344,7059.7,7102.0415,6994.625,412.86667,447.86667,484.35,393.5,330.3667,318.33334,3799.5,3747.3716,3587.9998,973.90894,900.3511,761.7385,1229.439,1246.8345,870.05255,906.15607,748.47125,694.1224,896.49915,1030.0248,973.9043,869.2547,1004.9829,989.4105,1049.1139,952.4828,794.77814,996.02124,888.4407,768.7545,419.33215,157.5357,549.34985,1222.8445,1231.915,880.86224,1221.8601,1220.3647,882.6335,892.35504,727.5593,680.02673,913.36273,1040.3076,971.29535,923.6726,1048.8112,976.2222,987.12683,1073.4568,981.83295,934.02704,752.88684,702.72003,1156.5834,1115.6344,850.38586,702.75586,548.57056,554.0276,704.81213,541.209,545.5011,713.4096,572.19226,571.1909,771.92633,674.5402,640.82495,1093.6062,1187.671,915.354,933.2951,936.6259,782.39014,914.7198,750.8977,694.03424,703.82605,550.5807,554.5712,704.28394,552.0895,554.31165,733.59546,599.3158,589.15796,715.093,575.15894,572.96515,933.58954,1023.0131,1002.1536,1032.8097,942.43994,798.3189,1246.3998,1227.365,873.56384,1242.9923,1232.5211,878.75977,1241.1403,1228.5879,874.49554,1217.1715,1241.8014,881.6563,847.4744,776.70667,698.3402,709.3682,543.7313,547.71234,709.5618,545.65125,555.68384,707.731,544.40906,547.4475,706.8379,542.5932,547.654,743.61115,591.2859,584.23584,819.3061,698.51685,656.6167,706.5179,542.2126,547.6113
1326.6666,1389.3447,1294.4933,3331.8333,3647.4932,3631.6975,862.93335,880.9694,881.1333,0.0,0.0,1.0333333,0.0,0.0,0.33333334,77.2,68.51987,59.9138,18.066668,17.766666,14.666767,0.0,0.0,0.0,0.0,0.0,0.0,7.0666666,3.8333333,7.8333335,31.166666,26.366667,25.7,3.3333333,3.3333333,3.3333333,0.0,0.0,0.33333334,772.5333,744.82086,751.98047,140.3,146.92497,160.51376,92.63333,92.1,131.76666,764.76666,766.3333,1354.5,291.9,282.76666,314.4,75.333336,73.166664,87.36667,48.333332,45.3333,45.4,0.0,0.0,0.16666667,136.76666,127.46667,160.93333,231.3,221.83333,253.1,950.5,974.86664,1155.9667,256.43332,266.53333,306.0,155.4,169.6,189.9,557.0333,585.0,700.9667,68.76667,69.892365,60.514,789.26666,787.8472,678.2499,0.0,0.0,0.0,0.0,0.0,0.5,0.0,0.0,0.0,0.0,0.0,0.0,110.23333,113.00554,135.40831,9294.134,9030.125,9078.525,6194.1,5720.7993,5667.3325,1034.7333,963.52234,991.61676,6859.7,6942.9585,7206.3,379.06668,477.66666,514.8,393.5,342.6667,327.96667,3682.8333,3625.0715,3620.7664,330.6186,4907.877,744.9069,1522.9724,7395.545,3219.29,274.04974,183.58844,342.06378,406.85562,1216.3577,942.2243,516.3668,110.170105,167.11145,238.86462,153.77618,223.52704,216.27557,244.89026,629.37335,426.15533,156.39655,551.6415,711.16956,1747.8281,305.26727,817.78723,93.45856,176.4964,209.44458,193.0711,614.5281,250.03125,154.74902,220.59637,238.02069,152.58936,227.07922,187.67853,154.71985,411.5548,4681.242,373.65277,2413.3606,5340.128,2262.5574,420.02863,252.22632,262.73114,493.46387,1399.1799,865.4571,380.28842,238.86462,153.77618,223.52704,226.01959,146.18286,265.65216,352.4273,583.94507,478.38168,349.26062,475.76706,703.92126,2269.9502,157.3844,644.47314,240.7024,178.36456,260.76593,223.40277,570.1793,209.19757,238.86462,153.77618,223.52704,240.16675,158.23053,222.7417,-153.84949,469.91052,5006.964,658.7676,3541.3748,5478.6455,2127.766,199.09668,263.65533,128.74811,354.885,1502.1931,1137.5754,472.45328,133.00647,238.86462,153.77618,223.52704,223.5473,181.04797,331.90497,776.5122,432.24417,214.77551,306.39398,478.80804,2081.3672,307.05737,713.5544,172.02051,275.39648,215.61548,225.06885,734.9784,137.53528,141.28772,238.86462,153.77618,223.52704,240.87592,154.20483,223.06763
1326.6666,1322.058,1226.2267,3531.8333,3593.5154,3539.7405,912.93335,847.1611,874.3,0.0,0.0,1.0333333,0.0,0.0,0.33333334,77.2,70.4532,58.980465,18.066668,17.766666,14.3001,0.0,0.0,0.0,0.0,0.0,0.0,7.0666666,4.5,7.4333334,31.166666,25.766666,25.866667,3.3333333,3.3333333,3.3333333,0.0,0.0,0.33333334,747.36664,738.525,719.6999,140.3,143.03886,160.81377,95.96667,95.5,132.6,869.23334,761.23334,1405.7,305.1,280.36667,365.43332,78.666664,73.23333,102.3,48.333332,45.1333,61.233334,0.0,0.0,0.16666667,143.76666,123.76667,190.26666,248.13333,219.86667,287.56668,1043.9667,962.06665,1245.7333,273.06668,265.33334,321.36667,168.73334,167.4,191.6,607.06665,590.26666,742.63336,75.433334,67.49237,61.980667,795.93335,770.2305,670.95264,0.0,0.0,0.0,0.0,0.0,0.5,0.0,0.0,0.0,0.0,0.0,0.0,110.23333,115.34447,130.9944,9329.566,8888.619,9261.23,6112.2334,5624.4844,5729.3325,1034.7333,956.92236,1020.65845,7107.2666,6864.2,7351.933,419.7,473.08334,538.43335,393.5,358.6,333.43332,3534.3667,3569.455,3724.9666,320.1324,4881.4478,705.6124,1555.5629,7499.792,3165.0388,265.39337,178.71796,348.17682,393.79523,1199.2776,953.5971,537.18884,111.83118,164.25732,238.86462,153.77618,223.52704,217.84198,247.20312,642.1111,432.79657,154.90302,551.24744,702.22894,1749.5494,302.1648,839.60986,101.331116,175.6098,210.39569,191.11957,621.4613,250.07733,154.86713,220.64252,238.11768,152.59064,226.75409,186.79309,155.04504,416.13965,4729.215,385.3617,2424.7087,5322.8174,2277.031,427.6667,253.89502,266.88727,498.4404,1420.3113,871.2756,394.5675,238.86462,153.77618,223.52704,225.8465,145.33685,267.16992,353.4043,593.0773,482.91238,353.8766,477.31067,695.3432,2289.109,152.3197,661.76355,240.64679,177.9914,262.39948,222.90619,574.22534,208.737,238.86462,153.77618,223.52704,240.13776,158.17041,222.75745,-166.92969,454.81815,4947.021,657.90985,3500.318,5402.8696,2116.669,199.63477,265.14124,130.63702,355.92792,1509.46,1136.7386,484.07355,133.53339,238.86462,153.77618,223.52704,224.12079,181.59802,330.97852,774.235,433.5462,218.15479,305.83954,477.8877,2087.2874,306.5904,723.3448,171.89435,275.77698,216.08221,224.82458,732.8707,140.42108,141.43677,238.86462,153.77618,223.52704,240.80878,154.21344,223.10327
1326.6666,1248.1246,1195.9,3581.8333,3480.6375,3383.1086,889.6,825.0944,856.86664,0.0,0.0,1.0333333,0.0,0.0,0.33333334,77.2,69.9532,57.347134,18.066668,17.766666,12.633433,0.0,0.0,0.0,0.0,0.0,0.0,7.0666666,4.5,6.6,32.833332,25.366667,25.8,3.3333333,3.3333333,3.3333333,0.0,0.0,0.33333334,734.5333,704.55835,694.3374,140.63333,139.8722,158.6471,98.13333,94.7,131.06667,841.6667,739.4,1376.2,295.36667,281.06668,355.13333,88.666664,77.1,97.333336,48.333332,43.366634,60.233334,0.0,0.0,0.16666667,147.03334,124.5,187.1,239.46666,223.03334,285.73334,1027.3334,986.06665,1204.0667,299.56668,267.86667,306.76666,188.8,171.83333,183.73334,627.06665,609.26666,716.6,75.433334,65.26667,57.647335,809.26666,756.43054,645.7304,0.0,0.0,0.0,0.0,0.0,0.5,0.0,0.0,0.0,0.0,0.0,0.0,109.9,106.84447,129.04716,9004.566,8760.03,8897.228,5642.7,5493.155,5446.429,967.6,945.9557,988.4251,6834.6,6816.075,6996.3584,419.7,480.38333,530.98334,393.5,368.96667,317.26666,3360.2334,3496.055,3590.0999,298.77045,4801.8037,660.1903,1551.6598,7513.144,3084.4385,264.9107,177.22101,348.51147,385.7893,1193.2845,947.5947,548.89886,112.68579,162.87744,238.86462,153.77618,223.52704,217.39368,246.18042,651.68726,433.56863,151.74109,547.75586,689.9381,1748.4761,296.3106,858.4101,109.87927,175.56409,210.73828,187.93292,626.4963,250.07709,154.9339,220.68402,238.21838,152.6294,226.39362,185.8136,155.6424,419.815,4761.38,386.6194,2423.0435,5284.4165,2255.638,421.60492,256.49536,270.71985,500.7186,1437.308,871.61395,405.76138,238.86462,153.77618,223.52704,225.73035,144.89307,267.9348,352.13013,597.49677,483.0844,354.82318,474.4758,684.60846,2297.3276,149.81879,672.1364,240.60022,177.85455,263.36877,222.41785,574.4035,208.90668,238.86462,153.77618,223.52704,240.07452,157.96893,222.78943,-166.60278,444.3749,4905.726,606.0144,3436.6187,5331.0444,2107.6626,196.03815,265.05634,132.33081,357.10736,1514.656,1137.0424,495.27536,133.62408,238.86462,153.77618,223.52704,224.09491,181.73914,330.2572,773.79675,432.00552,221.47723,304.91345,473.3726,2098.833,305.68964,729.4208,171.76031,275.97516,216.02875,224.39124,732.3731,142.33923,142.12134,238.86462,153.77618,223.52704,240.7218,154.20258,223.13336
1276.6666,1230.1113,1086.4333,3431.8333,3402.6433,3297.3418,872.93335,815.6194,833.56665,0.0,0.0,1.0333333,0.0,0.0,0.33333334,77.2,71.41987,56.747135,18.066668,17.766666,12.7001,0.0,0.0,0.0,0.0,0.0,0.0,8.5,4.5,6.6,32.833332,24.866667,24.566668,3.3333333,3.3333333,3.3333333,0.0,0.0,0.33333334,691.7,711.44055,661.7374,140.63333,141.01654,150.18044,101.46667,100.933334,130.93333,840.63336,761.92804,1336.8334,278.43332,283.96667,345.8,85.26667,80.1,93.73333,45.0,45.5333,58.6,0.0,0.0,0.16666667,143.66667,130.2,181.8,251.0,225.56667,279.4,984.0,980.1,1184.5,286.1,259.73334,297.96667,172.13333,168.63333,187.96666,613.6667,601.63336,700.23334,82.066666,69.066666,52.814,809.26666,768.5526,600.33044,0.0,0.0,0.0,0.0,0.0,0.5,0.0,0.0,0.0,0.0,0.0,0.0,96.566666,106.39443,130.94717,8799.434,8603.297,8382.795,5282.6,5428.231,5098.5254,900.2,932.8723,940.1251,6584.6665,6717.067,6619.058,519.7,486.16666,553.65,393.5,377.83334,298.93332,3207.6667,3432.142,3397.1108,276.37714,4710.377,622.74963,1517.2139,7434.4272,3011.6096,264.12793,174.77087,349.46478,385.98526,1194.0686,940.5802,556.2047,113.661865,162.04144,238.86462,153.77618,223.52704,216.54974,243.68256,657.447,432.02737,148.77307,541.4524,675.5708,1748.4542,289.4431,876.91705,114.20123,176.3396,210.75085,185.34344,626.0685,250.0481,154.97351,220.71259,238.32239,152.69952,226.0177,184.5802,156.37244,423.7196,4778.7446,375.82123,2416.168,5235.936,2176.2275,382.4336,258.34967,273.6856,501.15958,1448.2776,869.56506,417.039,238.86462,153.77618,223.52704,225.68152,144.54077,268.4118,349.64166,599.87775,481.33142,354.2824,469.10858,669.57587,2299.8013,144.25726,678.13184,240.66522,178.12439,263.66797,221.92609,573.6207,208.74768,238.86462,153.77618,223.52704,240.00006,157.69305,222.8147,-155.2395,440.124,4883.272,549.7004,3383.9543,5285.6562,2106.1958,190.1966,264.39795,133.36053,356.1457,1519.8499,1138.971,502.10556,132.98047,238.86462,153.77618,223.52704,223.55298,181.73895,330.1209,776.4979,430.57254,223.9259,305.29156,470.3114,2114.9207,304.45264,736.5467,171.07361,276.14362,215.72101,224.27728,735.66864,142.15094,142.60602,238.86462,153.77618,223.52704,240.62042,154.1789,223.15735
1260.0,1206.7113,1110.8334,3448.3333,3397.7974,3461.475,862.93335,822.95276,854.1,0.0,0.0,1.0333333,0.0,0.0,0.33333334,43.866665,72.219864,58.047134,0.06666667,17.766666,12.766767,0.0,0.0,0.0,0.0,0.0,0.0,8.5,6.9,6.633333,32.833332,26.166666,25.4,3.3333333,3.3333333,3.3333333,0.0,0.0,0.33333334,698.36664,724.86,692.70404,143.96666,150.21654,152.78043,101.46667,104.933334,134.43333,866.0333,795.92804,1405.6666,311.76666,303.76666,390.8,98.9,87.63333,106.23333,61.866665,46.0333,65.1,0.0,0.0,0.16666667,177.66667,143.3,207.86667,268.46667,235.96666,313.16666,1067.3334,1025.7333,1333.1666,309.53333,271.06668,344.06668,173.53334,174.03334,204.43333,670.6,625.5333,768.2,82.066666,71.933334,56.314,812.6,783.0554,634.8638,0.0,0.0,0.0,0.0,0.0,0.5,0.0,0.0,0.0,0.0,0.0,0.0,100.9,107.6472,142.21384,8844.934,8668.28,9229.261,5218.7666,5451.201,5662.955,966.86664,942.014,1025.3917,6747.2334,6859.317,7440.025,588.6,524.7167,620.9167,394.53333,384.8,324.56668,3304.2334,3459.366,3720.6108,260.8546,4628.555,593.73517,1493.1654,7333.6226,2965.647,263.9292,173.59717,350.07373,391.58548,1187.1208,939.7015,561.9281,114.69647,161.60059,238.86462,153.77618,223.52704,216.11456,242.79626,654.3905,429.08276,145.35565,535.16876,661.42596,1751.898,285.86383,889.7339,113.13928,174.79156,210.42725,184.52338,624.1078,250.01135,154.99194,220.73114,238.42755,152.79346,225.64008,183.6225,157.1175,427.64978,4779.251,349.8222,2401.9014,5199.5728,2085.157,335.25916,258.61127,276.29352,499.86725,1456.03,865.7626,424.23416,238.86462,153.77618,223.52704,225.57996,144.47394,268.5481,345.7539,598.5312,477.67383,351.4192,461.66553,655.07764,2300.4272,132.11444,685.8545,240.81128,178.15161,264.15436,221.72101,572.11206,208.15295,238.86462,153.77618,223.52704,239.90173,157.32672,222.85919,-153.27759,432.0967,4850.1797,544.8284,3409.2378,5262.826,2096.278,190.27606,265.68817,134.4627,357.45758,1522.5432,1134.3971,504.0831,133.07184,238.86462,153.77618,223.52704,223.30688,182.15509,329.597,774.74866,426.57947,225.55664,307.55426,467.50586,2140.5615,303.01166,740.578,171.34918,276.0921,215.19019,224.13995,731.2957,141.34003,142.75165,238.86462,153.77618,223.52704,240.49548,154.14233,223.1778
1226.6666,1181.578,1158.5,3381.6667,3452.0308,3534.5752,866.26666,831.9861,860.5333,0.0,0.0,1.0333333,0.0,0.0,0.33333334,14.433333,72.3532,58.647133,0.06666667,17.766666,12.866767,0.0,0.0,0.0,0.0,0.0,0.0,8.5,8.166667,6.633333,31.033333,26.166666,26.066668,3.3333333,3.3333333,3.3333333,0.0,0.0,0.33333334,705.0333,696.9933,711.90405,153.73334,148.44986,149.91377,104.666664,109.26667,126.53333,874.63336,808.7281,1399.2,311.76666,306.3,433.8,100.63333,87.6001,112.833336,65.333336,44.666634,70.6,0.0,0.0,0.16666667,184.2,148.5,221.53334,285.2,226.3,353.0,1149.9,1050.6,1380.5,309.7,273.1,352.53333,173.53334,175.1,209.93333,721.6,620.6667,782.86664,72.23333,78.45904,58.814,799.26666,779.1554,667.9304,0.0,0.0,0.0,0.0,0.0,0.5,0.0,0.0,0.0,0.0,0.0,0.0,100.9,106.313866,150.71384,8756.934,8725.247,9774.145,5349.1333,5444.9624,5922.8477,1034.0333,945.78064,1061.0251,6678.0,6959.85,7845.9917,588.6,556.5833,644.0833,394.53333,390.6,336.23334,3309.6333,3533.966,3878.7776,245.48444,4551.8804,575.27185,1454.9845,7230.0137,2880.541,263.1679,170.97626,351.59473,392.63116,1172.2623,939.6982,566.5574,115.40332,161.44135,238.86462,153.77618,223.52704,215.7757,242.19293,649.4557,425.98056,143.14331,526.3995,647.8258,1757.5052,285.47424,896.9867,107.35443,172.34131,209.393,185.82526,619.86035,249.74957,154.55042,220.69775,238.53229,152.90527,225.26813,182.41724,156.80432,433.2492,4780.934,346.50684,2396.129,5184.5503,2078.9978,329.19098,257.56348,278.26862,498.05176,1463.8904,858.7029,434.7509,238.86462,153.77618,223.52704,225.55615,144.3847,268.6977,343.63306,597.1675,473.9016,350.5617,456.01807,644.4448,2298.3618,117.48151,688.0507,241.00903,177.72992,265.0282,221.70068,569.9618,207.72284,238.86462,153.77618,223.52704,239.7948,156.92303,222.91028,-140.52771,429.52002,4806.9795,538.514,3421.1655,5266.334,2085.9946,188.74316,266.58075,136.05145,357.99194,1528.6989,1129.2616,508.58148,132.92236,238.86462,153.77618,223.52704,223.11017,182.64746,329.72906,775.48126,425.06522,227.50635,312.33594,465.18393,2170.029,302.54608,748.9882,170.38611,276.22186,215.06555,223.7893,729.49585,141.2425,143.08533,238.86462,153.77618,223.52704,240.36395,154.07648,223.1878
1176.6666,1186.4114,1083.8334,3415.0,3497.6309,3280.953,866.26666,827.5194,832.6055,0.0,0.0,1.0333333,0.0,0.0,0.33333334,14.433333,71.41987,56.0138,0.06666667,16.766666,11.933434,0.0,0.0,0.0,0.0,0.0,0.0,8.366667,9.0,6.633333,34.366665,26.166666,20.566668,3.3333333,3.3333333,3.3333333,0.0,0.0,0.33333334,706.0333,709.2266,665.99,153.73334,145.74986,156.01376,111.36667,115.46667,120.46667,829.93335,844.62805,1350.1666,329.03333,319.23334,438.06668,110.76667,94.86667,118.13333,65.333336,50.166634,71.333336,0.0,0.0,0.16666667,184.2,159.36667,217.93333,320.93332,222.8,336.06668,1113.2,1093.5667,1401.6333,359.73334,290.66666,349.36667,200.16667,176.1,206.5,768.8,660.8333,794.0,75.5,72.6257,60.947334,809.26666,798.8943,640.83044,0.0,0.0,0.0,0.0,0.0,0.5,0.0,0.0,0.0,0.0,0.0,0.0,97.566666,104.6472,164.81383,9025.967,8993.28,9522.444,5865.9,5557.6587,5839.759,1033.9,970.9473,1073.5751,6802.1665,7179.217,7820.6084,588.6,585.9167,600.51666,333.93332,378.26666,329.0,3492.9666,3590.4995,3754.444,237.44574,4502.465,574.24915,1394.2722,7047.746,2830.5793,262.9264,171.21082,349.12158,399.2904,1164.4938,938.2196,567.96497,115.53107,161.51215,238.86462,153.77618,223.52704,214.66803,241.21289,647.4475,422.41644,141.59546,517.74646,637.339,1768.384,290.0846,911.3655,101.82245,168.92914,208.98999,187.1355,616.44,249.54584,154.08484,220.6145,238.59283,153.07428,224.90417,181.25494,156.51837,438.3823,4773.9287,344.6521,2394.2617,5163.5845,2062.3184,322.08057,257.32977,279.461,498.7047,1470.9456,850.17194,444.1435,238.86462,153.77618,223.52704,225.39954,144.40198,268.88306,342.10938,595.79846,471.0302,350.28668,451.68738,634.5558,2297.7017,102.01459,690.7698,240.98126,177.68744,265.28882,221.73517,567.8059,207.2757,238.86462,153.77618,223.52704,239.68872,156.51593,222.95789,-117.08142,437.7486,4778.52,519.66187,3394.9993,5292.004,2081.3325,183.3872,264.9806,137.30438,355.32605,1537.6519,1131.3862,517.0133,131.74579,238.86462,153.77618,223.52704,222.81512,182.72192,330.97473,779.88086,425.56134,229.20605,319.50946,460.06705,2202.8608,300.63635,761.66986,168.5899,276.02264,215.09723,223.57532,734.5495,140.03864,143.18152,238.86462,153.77618,223.52704,240.24658,154.02942,223.19592
1126.6666,1094.4133,1027.6666,3348.3333,3307.6694,3127.8972,832.93335,818.2194,835.1722,0.0,0.0,1.0333333,0.0,0.0,0.33333334,0.0,66.51987,53.5138,0.06666667,13.061133,11.9001,0.0,0.0,0.0,0.0,0.0,0.0,8.366667,8.166667,6.633333,34.366665,26.933332,20.566668,3.3333333,3.3333333,3.3333333,0.0,0.0,0.33333334,699.36664,671.5983,653.1566,147.06667,148.41653,155.4471,124.23333,114.666664,119.333336,811.8,841.2281,1255.8334,391.13333,336.1,440.36667,120.9,99.7,122.2,78.73333,61.266632,70.4,0.0,0.0,0.16666667,184.2,164.8,215.66667,342.83334,244.2,317.2,1149.7667,1117.4333,1446.8334,376.56668,299.9,363.03333,227.03334,173.33333,208.86667,789.63336,665.3,795.76666,73.433334,69.159035,68.14733,831.3333,799.9943,623.03046,0.0,0.0,0.0,0.0,0.0,0.5,0.0,0.0,0.0,0.0,0.0,0.0,109.9,103.313866,165.31383,9159.3,9071.491,9313.011,6067.567,5632.5327,5830.0996,1166.7667,969.214,1036.8085,7027.933,7351.725,7763.442,588.6,607.18335,609.81665,234.8,351.96667,316.06668,3650.9333,3620.5127,3683.6108,1056.7117,978.9168,791.82214,1297.7991,1321.7463,883.9771,997.4346,827.20935,730.7307,907.3794,1013.4595,976.0717,876.8764,980.8875,995.82855,1117.9131,1018.51935,812.6829,1077.6888,963.0503,797.60645,417.20328,142.41571,510.6633,1283.5283,1299.4333,897.079,1283.8608,1287.7476,898.94324,982.4264,804.5006,716.8837,924.57855,1024.206,973.02026,931.7254,1028.9158,978.8058,984.8944,1043.7605,989.0291,1024.5326,829.2572,736.7627,1222.8684,1182.1443,865.4756,780.2932,607.0842,591.1698,783.4769,599.56946,583.27954,788.6566,629.7086,606.54736,842.33276,732.1358,671.3935,1102.0375,1182.3188,920.54504,989.69446,990.13,799.0831,1005.7495,828.36035,731.3456,781.4144,609.09753,591.629,781.8114,610.57825,591.3518,807.5882,657.0243,623.19794,790.4407,632.84735,608.26105,935.57007,993.1283,1016.1924,1105.0032,1008.99274,821.56604,1274.9501,1258.309,876.0723,1272.9939,1264.7811,882.1002,1270.4507,1260.4854,877.21783,1253.9918,1277.573,884.86975,911.0754,831.78613,722.4068,787.05896,601.866,584.7902,787.69763,604.348,593.53564,785.33026,602.69666,584.4532,784.45447,600.6909,584.6017,818.7944,649.9135,619.0182,888.3393,756.0293,686.017,784.1196,600.31976,584.5714
1060.0,1073.9467,1009.26666,3280.0,3197.736,3026.1638,809.6,806.6694,791.93884,0.0,0.0,1.0333333,0.0,0.0,0.33333334,0.0,58.0657,51.847134,0.06666667,12.561133,7.0667667,0.0,0.0,0.0,0.0,0.0,0.0,8.366667,8.033334,6.633333,27.7,23.433332,23.5,3.3333333,3.3333333,3.3333333,0.0,0.0,0.33333334,636.0333,662.1653,646.6233,157.06667,148.5832,140.38043,107.23333,111.23333,116.53333,768.4667,852.0947,1288.5,392.23334,338.43332,459.93332,120.9,98.6,127.433334,78.73333,63.999966,70.03333,0.0,0.0,0.16666667,217.6,168.76666,225.7,342.83334,252.13333,341.5,1232.6333,1160.6666,1504.5,376.56668,311.3,387.66666,217.0,176.36667,216.46666,772.9667,704.8333,820.86664,86.76667,75.85903,70.98067,826.8333,796.4276,634.66376,0.0,0.0,0.0,0.0,0.0,0.5,0.0,0.0,0.0,0.0,0.0,0.0,103.166664,102.88053,169.6805,9201.8,9072.825,9335.878,6267.6,5811.7627,5979.229,1211.3667,974.9473,1056.3085,7192.7,7491.55,7981.1084,588.6,608.81665,606.11664,234.8,326.63333,306.33334,3732.7,3645.246,3757.944,256.10156,4499.3223,585.69507,1371.3479,6871.3677,2791.9932,260.53827,170.9654,347.66565,391.06546,1137.6985,925.00366,566.45166,115.06091,161.685,238.86462,153.77618,223.52704,215.80188,243.87512,640.1593,414.9505,144.44257,507.42474,628.23444,1819.2292,308.7589,945.25653,96.186646,160.92877,207.03534,186.85461,615.668,249.46332,153.64758,220.43164,238.70172,153.44244,224.21283,180.77222,156.35681,443.14267,4761.7607,372.31244,2385.3555,5132.7173,2090.0012,339.08643,252.8786,276.48346,502.5325,1472.0608,833.78296,454.16476,238.86462,153.77618,223.52704,225.31879,144.30255,269.36115,340.55585,589.2442,465.30948,352.60425,452.4203,615.61816,2306.5825,87.810425,686.5859,241.12396,178.00928,264.5227,221.8512,564.8798,206.58142,238.86462,153.77618,223.52704,239.47546,155.72156,223.06628,-113.356445,441.01648,4717.9883,594.2705,3435.492,5319.6924,2042.7346,184.48743,265.23822,137.5575,355.1532,1542.1853,1121.6798,525.4523,130.79547,238.86462,153.77618,223.52704,222.78632,183.29358,332.3977,773.9507,417.91528,230.45587,334.156,464.57623,2259.0515,298.68396,772.12915,169.59998,274.71924,212.64655,223.7666,725.7008,136.98615,142.5846,238.86462,153.77618,223.52704,239.91907,153.88239,223.24664
1026.6666,1015.7133,960.8333,3163.3333,3040.9695,2880.4639,809.6,776.6027,732.9,0.0,0.0,1.0333333,0.0,0.0,0.33333334,0.0,51.7657,46.780468,0.06666667,9.7278,6.4001,0.0,0.0,0.0,0.0,0.0,0.0,8.366667,8.033334,6.633333,27.7,23.2,22.666666,3.3333333,3.3333333,3.3333333,0.0,0.0,0.33333334,649.2,631.7653,621.6566,147.06667,140.4832,130.38043,99.933334,102.7,113.86667,754.06665,815.49475,1274.0667,381.5,332.46667,456.43332,127.76667,95.566666,125.6,75.4,64.16663,69.53333,0.0,0.0,0.16666667,198.4,164.7,223.43333,326.4,273.63333,338.83334,1251.3334,1175.2,1475.2,396.7,333.2,379.63333,196.86667,175.63333,210.2,756.4,706.3,803.3,66.833336,75.85903,67.48067,832.9,795.3943,613.63043,0.0,0.0,0.0,0.0,0.0,0.5,0.0,0.0,0.0,0.0,0.0,0.0,99.833336,102.88053,167.34717,8902.5,8806.025,9034.655,6384.2666,5880.3105,5816.7437,1126.1666,936.18066,1023.6751,7257.467,7345.408,7735.197,521.93335,603.7833,585.01666,234.8,295.6,299.7,3732.8333,3580.646,3641.711,268.4005,4494.7744,596.42194,1381.2834,6845.5903,2762.5405,258.99988,171.91968,347.67572,386.78375,1136.0734,913.62006,565.4645,114.911194,161.71619,238.86462,153.77618,223.52704,214.45593,244.49786,639.5393,413.89978,147.40985,508.08725,626.3359,1861.8245,319.6604,958.7326,94.849365,156.8233,206.68176,187.69806,613.31976,249.60077,153.9638,220.43042,238.76038,153.84625,223.70013,180.81299,157.52893,443.20007,4745.367,355.56494,2352.8787,5123.162,2066.0012,329.88727,250.65167,275.76672,500.7443,1468.47,827.12573,449.35306,238.86462,153.77618,223.52704,225.25476,144.4729,269.3305,339.42303,583.787,462.0139,351.8874,451.36526,607.35693,2313.559,83.66229,680.25256,240.8977,178.06757,263.9823,222.02118,563.0849,207.4035,238.86462,153.77618,223.52704,239.38007,155.3786,223.11896,-111.67645,442.08633,4729.79,556.7947,3405.99,5314.6953,2032.5962,182.01257,263.23517,138.0777,357.65833,1554.3042,1121.182,527.30566,130.87543,238.86462,153.77618,223.52704,222.0473,183.8642,333.00842,775.29425,413.22543,231.47913,341.63434,464.75842,2308.1729,297.12744,777.3676,170.78638,273.75177,210.97137,223.76001,727.0068,133.51984,142.46338,238.86462,153.77618,223.52704,239.70471,153.77203,223.28015
993.3333,993.9133,942.6667,3013.3333,2946.8472,2671.797,759.6,755.14166,702.0,0.0,0.0,1.0333333,0.0,0.0,0.33333334,81.666664,45.899033,43.8138,26.566668,8.561133,6.9001,0.0,0.0,0.0,0.0,0.0,0.0,7.266667,8.366667,6.633333,29.433332,25.5,22.533333,3.3333333,3.3333333,3.3333333,0.0,0.0,0.33333334,650.86664,613.8653,597.3566,137.06667,137.61653,125.0471,99.73333,102.933334,112.333336,725.56665,767.82806,1240.3667,372.46667,324.0,442.03333,144.5,97.333336,123.933334,75.4,65.69997,67.3,0.0,0.0,0.16666667,208.4,163.03334,217.3,326.4,322.1,326.0,1251.1,1200.0,1450.0333,447.4,355.63333,373.6,196.86667,190.76666,211.03334,773.06665,724.5,774.36664,70.166664,78.425705,66.64733,816.23334,797.0912,580.2971,0.0,0.0,0.0,0.0,0.0,0.5,0.0,0.0,0.0,0.0,0.0,0.0,99.833336,98.680534,178.88051,8627.7,8701.703,8513.119,5991.2666,5921.392,5609.155,1126.1666,961.6307,976.10846,7012.433,7361.317,7378.3135,471.46667,590.75,578.85,234.8,275.83334,288.23334,3636.8333,3506.0127,3497.9775,270.2751,4482.695,613.3642,1361.7539,6743.8486,2708.6445,257.31238,172.64893,351.13055,388.10544,1148.5195,905.4762,570.2685,112.87067,162.12274,238.86462,153.77618,223.52704,214.03528,245.81433,641.3346,412.2074,147.91931,510.057,627.29254,1915.791,330.9253,974.6112,94.92914,152.67328,205.78308,189.48187,613.0187,249.59888,153.64984,220.37122,238.73749,153.83752,223.78094,180.44244,158.13885,444.83392,4736.203,338.90192,2327.952,5126.882,2048.5168,321.4319,249.29291,276.46088,502.9828,1472.2417,820.8456,449.02985,238.86462,153.77618,223.52704,225.26276,144.61566,269.30408,338.82422,581.85364,459.9084,350.2923,453.04266,599.4658,2324.4333,73.92084,672.5025,240.70367,178.07452,263.70502,221.64453,564.87036,208.08179,238.86462,153.77618,223.52704,239.28296,155.05304,223.19922,-108.74255,442.7286,4741.5215,534.73755,3413.3953,5328.102,2031.1179,180.35455,261.00067,139.27863,362.02356,1571.4861,1124.6206,529.53,130.89307,238.86462,153.77618,223.52704,221.2951,184.55939,334.35986,779.7156,411.3183,232.3747,352.9402,466.91833,2364.6785,295.24957,787.6123,171.48645,272.83423,209.34229,224.18756,733.67505,130.53802,142.00165,238.86462,153.77618,223.52704,239.72241,153.77081,223.27405
960.0,1026.58,993.6,2846.6667,2868.1472,2848.564,712.93335,776.8083,737.3333,0.0,0.0,1.0333333,0.0,0.0,0.33333334,81.666664,45.632366,44.480465,26.566668,8.494467,10.233434,0.0,0.0,0.0,0.0,0.0,0.0,7.266667,8.366667,7.633333,29.433332,25.766666,22.866667,3.3333333,3.3333333,3.3333333,0.0,0.0,0.33333334,614.2,626.3986,633.0233,127.066666,139.81653,130.21376,99.73333,102.3,112.333336,784.9,775.99475,1324.1333,372.46667,332.96667,458.96667,127.36667,101.96667,131.7,75.4,67.66663,68.63333,0.0,0.0,0.16666667,225.1,169.06667,228.43333,336.4,312.1,328.33334,1356.0,1242.6,1599.0,397.26666,363.83334,406.46667,213.53334,195.03334,234.5,823.3,742.86664,863.56665,73.5,77.7257,70.314,792.9,792.2912,649.0638,0.0,0.0,0.0,0.0,0.0,0.5,0.0,0.0,0.0,0.0,0.0,0.0,99.833336,96.6444,188.1805,8882.434,8762.191,9168.053,6049.2666,5999.292,6101.451,1226.8667,965.364,1046.7751,7112.0,7485.683,7980.8633,471.46667,589.51666,593.88336,234.8,266.53333,313.56668,3693.4333,3572.0999,3801.3108,271.883,4507.449,634.39075,1349.5074,6656.8096,2665.1028,256.04462,175.55359,356.53027,412.8052,1202.485,906.4201,574.6583,110.926636,161.84595,238.86462,153.77618,223.52704,213.1803,247.32208,646.6038,411.46268,148.71643,515.23804,630.64325,1979.7117,341.4359,993.30786,95.99951,148.5387,205.82416,192.14996,614.0497,249.78479,153.44293,220.28247,238.71326,153.8227,223.86523,180.28241,158.33942,446.40042,4733.6895,321.77563,2308.1167,5142.1255,2018.3481,303.77856,248.13037,277.9156,507.21103,1478.2106,808.61597,449.4681,238.86462,153.77618,223.52704,225.19763,144.68677,269.42285,338.1037,582.8731,459.26984,350.25177,458.2225,594.4918,2344.7104,65.84412,669.32947,240.38837,177.9267,263.47583,220.98816,570.37756,208.53271,238.86462,153.77618,223.52704,239.16956,154.7558,223.33563,-105.99591,443.00693,4739.5024,565.72107,3478.7014,5356.335,2028.7867,183.06348,261.1902,142.03204,367.86108,1590.4055,1127.277,536.5763,130.66046,238.86462,153.77618,223.52704,220.78058,185.16315,336.82483,786.11816,412.64462,233.21155,368.96707,473.5461,2425.0767,294.05267,799.10205,172.57227,272.0185,208.46252,224.67822,742.0856,130.22272,141.08209,238.86462,153.77618,223.52704,239.74854,153.81085,223.27533
976.6667,1010.48,1041.1466,2713.3333,2855.6138,2990.5957,729.6,776.8416,746.6583,0.0,0.0,1.0333333,0.0,0.0,0.33333334,81.666664,42.499035,46.0874,26.566668,10.161134,10.364,0.0,0.0,0.0,0.0,0.0,0.0,7.266667,7.7,7.633333,29.433332,22.3,23.033333,3.3333333,3.3333333,3.3333333,0.0,0.0,0.33333334,580.86664,626.665,679.33997,127.066666,136.4832,133.23877,98.0,99.5,77.333336,760.23334,736.1947,1355.6666,372.7,366.8,506.5,127.36667,109.0,150.93333,72.066666,69.39996,76.96667,0.0,0.0,0.16666667,221.63333,179.96666,245.3,353.6,317.8,366.16666,1454.4,1342.8667,1710.2,407.56668,396.76666,440.66666,213.53334,211.5,250.36667,799.8,797.5,928.13336,73.53333,74.425705,72.24733,769.56665,801.92456,683.77484,0.0,0.0,0.0,0.0,0.0,0.5,0.0,0.0,0.0,0.0,0.0,0.0,110.8,97.6444,189.04997,8949.1,8955.925,9676.364,6015.933,6077.9956,6433.3516,1226.8667,1004.1973,1102.6501,7229.4,7731.6167,8511.264,538.13336,575.75,611.7167,234.8,254.7,322.03333,3829.2,3663.8994,3993.711,295.57782,4606.046,653.5788,1358.8411,6657.3154,2687.2776,257.81152,184.367,365.85797,447.70367,1279.6167,910.8029,579.6321,109.21057,161.23492,238.86462,153.77618,223.52704,214.37793,252.02509,653.8981,414.18518,153.00983,525.41504,636.183,2047.741,350.2768,1010.95264,99.75586,144.06244,206.75568,195.03125,619.62836,250.21735,153.48608,220.18158,238.68909,153.802,223.9508,180.09943,158.51776,447.53354,4743.7217,319.37854,2303.0576,5170.9253,2020.3352,299.66412,247.84973,279.8042,513.1626,1491.8873,801.93243,456.39667,238.86462,153.77618,223.52704,225.02295,144.78271,269.6466,338.19678,587.8601,461.04962,354.58594,470.82367,594.1765,2373.3467,57.93109,670.03564,239.95892,177.75067,263.24707,220.5943,579.8697,208.44513,238.86462,153.77618,223.52704,239.18085,154.79077,223.32861,-100.73309,445.26443,4741.467,596.2776,3528.5186,5387.1006,2025.3354,186.58716,262.82227,145.5191,374.9721,1607.6538,1129.8044,548.1304,131.44464,238.86462,153.77618,223.52704,220.64539,185.54962,339.55365,792.03406,416.62656,234.72137,386.5722,481.5931,2486.5593,292.93848,809.5512,174.01581,271.29706,207.88544,225.22638,752.78186,130.40643,140.2649,238.86462,153.77618,223.52704,239.76678,153.8269,223.27612
993.3333,1027.1466,1074.18,2746.6667,2906.0806,3052.1902,746.26666,770.87494,743.39166,0.0,0.0,1.0333333,0.0,0.0,0.33333334,81.666664,43.599033,49.2874,26.566668,10.361134,10.364,0.0,0.0,0.16666667,0.0,0.0,0.16666667,7.266667,7.7,9.3,29.433332,22.1,17.2,3.3333333,3.3333333,0.0,0.0,0.0,0.33333334,596.7,646.8983,687.5927,127.066666,139.21654,132.1721,93.166664,94.63333,72.5,749.0333,719.1614,1350.6333,372.7,376.96667,497.36667,130.7,117.166565,147.86667,72.066666,67.36667,77.666664,0.0,0.0,0.16666667,241.83333,185.43333,251.36667,370.26666,323.0,364.53333,1554.4,1461.2667,1690.0667,441.33334,413.2,437.96667,243.53334,217.9,244.9,899.8333,859.1667,909.9667,73.53333,73.6,77.214,752.9,801.7579,705.77484,0.0,0.0,0.0,0.0,0.0,0.5,0.0,0.0,0.0,0.0,0.0,0.0,103.8,105.87774,190.54997,8837.267,9208.542,10082.864,5777.5,6195.7515,6632.292,1178.5667,1034.3973,1146.9167,7430.7,8016.192,9067.413,524.0333,586.68335,585.31665,300.36667,242.76666,299.03333,3693.4666,3775.7998,4095.8774,301.32227,4681.4214,666.37085,1383.5619,6678.5156,2729.6594,256.04907,187.8357,374.2419,494.80002,1379.2701,919.51685,583.15344,108.68298,160.28131,238.86462,153.77618,223.52704,215.7749,256.70294,663.2978,416.6307,159.22601,536.8485,638.7434,2115.2368,357.39697,1028.405,107.07416,141.00769,206.95197,197.54999,624.55273,250.75476,153.9762,220.15619,238.66516,153.7768,224.03558,179.71075,158.04358,449.2927,4759.7866,330.03418,2304.0168,5201.639,2057.4014,314.10474,250.11444,284.3719,520.7704,1505.8262,794.7547,464.0691,238.86462,153.77618,223.52704,225.03644,144.5307,270.15405,339.88165,596.2515,464.978,357.04102,484.9184,595.8329,2407.3118,53.282593,674.545,239.4588,177.1413,263.3202,220.01923,590.7362,208.33087,238.86462,153.77618,223.52704,239.19464,154.83734,223.3211,-90.59912,451.73737,4741.0615,606.53955,3516.7449,5407.7256,2025.3163,186.11469,264.818,148.09442,381.48627,1624.0435,1135.6542,561.47217,132.02515,238.86462,153.77618,223.52704,220.46887,184.88599,343.29224,802.4271,424.27335,235.79102,403.68576,485.2389,2546.5176,291.6438,823.358,174.06396,270.61133,207.38812,225.70471,768.9872,130.61774,139.45026,238.86462,153.77618,223.52704,239.7815,153.8385,223.27753
1020.0,1001.78,1037.8534,2830.0,2952.7473,3016.3193,746.26666,748.4333,696.2222,0.0,0.0,1.0333333,0.0,0.0,0.33333334,81.666664,45.60597,47.486,26.566668,10.158366,10.619567,0.0,0.0,0.16666667,0.0,0.0,0.16666667,9.933333,7.7,9.3,24.433332,22.266666,17.733334,3.3333333,3.3333333,0.0,0.0,0.0,0.33333334,632.7,634.415,681.27466,127.566666,140.87486,138.82486,83.166664,97.03333,81.333336,727.7,733.62805,1346.6333,376.0,375.43332,495.33334,157.53334,119.73323,146.83333,98.8,66.7,77.9,0.0,0.0,0.16666667,238.5,189.8,245.83333,356.5,330.83334,358.06668,1632.6333,1464.6,1718.5333,467.6,407.83334,444.8,276.86667,216.83333,247.96666,889.63336,859.8333,917.93335,73.53333,75.933334,82.722336,736.23334,794.4356,731.8971,0.0,0.0,0.0,0.0,0.0,0.5,0.0,0.0,0.0,0.0,0.0,0.0,132.9,104.680534,191.9305,8837.7,9161.953,10340.494,5764.933,6077.696,6610.2627,1109.9,1034.739,1165.0918,7574.9,8022.0166,9301.658,550.23334,593.48334,604.48334,444.66666,253.76666,305.96667,3511.9666,3717.833,4163.144,308.64392,4748.625,660.9309,1464.706,6869.2056,2820.5671,252.73688,189.32758,382.6505,559.7412,1504.031,935.8078,584.6892,109.5426,159.30365,238.86462,153.77618,223.52704,216.2995,259.85925,672.9971,418.93158,165.12115,552.019,637.85144,2186.156,362.8296,1048.6511,118.255005,138.20648,206.96478,198.46533,631.5729,251.2273,154.24353,220.12024,238.64178,153.74854,224.11963,179.49634,157.06683,450.637,4779.251,361.55176,2324.7651,5216.2534,2124.4973,342.90875,252.65277,288.18103,530.6378,1523.4531,791.8262,476.18558,238.86462,153.77618,223.52704,225.02216,144.33716,270.50366,342.0744,605.94037,469.54135,363.2624,504.28,599.34534,2445.039,50.973206,682.51245,238.92871,176.16241,263.39337,219.60535,602.0768,208.44342,238.86462,153.77618,223.52704,239.20752,154.86688,223.31451,-89.14087,456.1351,4727.894,641.8967,3509.6763,5403.125,2016.0583,186.50354,264.67334,150.29352,386.15152,1632.9937,1138.2335,575.5966,132.37799,238.86462,153.77618,223.52704,220.34021,183.8252,346.35846,808.42255,430.04388,235.99255,421.34235,494.05872,2594.4976,290.2165,833.9435,173.90723,269.89178,206.73346,226.30487,781.31323,132.1159,138.39026,238.86462,153.77618,223.52704,239.7934,153.84674,223.27869
1070.0,997.74664,990.81335,2963.3333,2885.1624,2997.9597,746.26666,698.8611,649.42224,0.0,0.0,1.0333333,0.0,0.0,0.33333334,81.666664,43.7393,50.651268,26.566668,9.158366,10.4529,0.0,0.0,0.16666667,0.0,0.0,0.16666667,9.933333,7.7,9.3,24.433332,18.233334,17.5,0.0,3.3333333,0.0,0.0,0.0,0.33333334,687.7,614.7817,687.83575,127.566666,139.77487,126.12763,66.5,89.933334,77.46667,760.7,711.6614,1366.7667,376.23334,378.66666,505.03333,147.4,132.26657,149.76666,95.46667,69.833336,77.9,0.0,0.0,0.16666667,245.23334,196.56667,248.73334,350.6,337.96667,356.4,1632.6,1522.6333,1764.6333,450.73334,416.73334,454.8,290.16666,221.9,246.96666,874.0,873.23334,940.5333,93.53333,75.46667,84.02233,729.56665,758.1023,761.8832,0.0,0.0,0.0,0.0,0.0,0.0,0.0,0.0,0.0,0.0,0.0,0.0,126.066666,114.180534,203.59993,8915.634,9268.908,10596.961,5679.2,5997.018,6702.5586,1026.5333,1054.8057,1184.6251,7779.2666,8175.683,9527.392,620.9667,579.85,583.31665,448.23334,276.86667,301.7,3601.5667,3755.4666,4258.0776,1103.3558,1000.969,796.50226,1342.1646,1339.4697,886.2976,1045.9142,849.93835,736.5632,931.9785,1017.6893,975.22925,913.9494,995.69244,990.42334,1163.9087,1041.3682,816.9741,1123.3256,984.346,801.52954,420.8786,171.45593,568.20044,1324.518,1325.1182,899.3882,1325.3602,1310.0278,901.0161,1031.249,827.9721,723.615,950.83923,1028.183,972.2425,970.98755,1044.2795,973.4941,1012.50934,1058.4127,979.8281,1068.6332,850.0869,741.8843,1267.24,1205.9675,869.09094,825.64294,629.90686,605.7016,829.8493,622.6201,597.9585,833.5516,652.9708,621.24524,886.9867,756.8462,685.459,1107.5897,1177.2195,920.24585,1037.4675,1019.30334,812.66235,1055.1288,850.77655,736.9077,826.7521,631.78687,606.03613,827.2835,633.4712,605.80206,852.52295,680.7389,637.9195,835.51404,656.1527,623.0331,962.5841,1008.3061,1006.0536,1152.9581,1034.7142,827.12714,1314.0056,1286.719,884.74146,1313.9167,1294.5762,891.11163,1310.142,1289.3525,885.7423,1266.4832,1282.675,892.7767,955.5026,857.1841,736.21326,832.5197,624.64667,599.2502,833.9629,627.6249,609.6565,830.60205,625.6433,598.85254,829.62256,623.3113,599.04285,863.80237,673.51044,633.08453,932.0249,781.00696,699.1465,829.31506,622.96204,598.9901
1086.6666,948.36,934.24664,3030.0,2797.6943,2834.593,729.6,674.99445,635.5222,0.0,0.0,1.0333333,0.0,0.0,0.33333334,81.666664,44.004566,48.2846,26.566668,9.158366,9.5529,0.0,0.0,0.16666667,0.0,0.0,0.16666667,9.933333,9.366667,9.133333,26.1,18.233334,16.833334,0.0,3.3333333,0.0,0.0,0.0,0.33333334,723.7,610.79694,666.8191,120.833336,130.5082,123.86097,75.066666,86.23333,73.3,756.4,700.32806,1319.9333,371.86667,398.06662,490.06668,140.66667,140.86656,147.96666,90.46667,73.333336,75.36667,0.0,0.0,0.16666667,261.9,207.86667,244.23334,330.46667,330.63333,343.56668,1582.6666,1496.1,1724.2333,433.66666,412.0,448.63333,276.8,217.63333,236.96666,906.23334,852.56665,918.2,93.333336,73.96667,82.689,722.9,743.5721,749.0832,0.0,0.0,0.0,0.0,0.0,0.0,0.0,0.0,0.0,0.0,0.0,0.0,126.066666,113.947205,189.2666,8983.434,9275.889,10358.861,5647.967,5956.1553,6578.392,948.0333,1037.2057,1153.6251,7753.7666,8211.092,9340.3,646.56665,565.0,574.51666,324.86667,269.56668,298.2,3768.1667,3792.8665,4141.4443,289.5777,4677.4185,619.39136,1697.3552,7297.7314,2973.3635,243.8985,179.26086,394.04926,705.36255,1760.8196,950.41565,586.85315,112.00543,158.47192,238.86462,153.77618,223.52704,214.03564,262.92346,691.1795,424.46063,175.3382,584.92786,634.6828,2311.7302,357.29376,1070.3959,134.16217,145.49225,206.83899,197.57153,645.1028,252.19684,154.45856,219.93811,238.60693,153.6712,224.30072,179.52563,155.32953,450.25458,4786.33,398.99588,2360.9583,5194.452,2231.4922,395.26462,254.07568,292.2657,549.7517,1563.8147,784.02734,502.88968,238.86462,153.77618,223.52704,225.07135,143.8263,270.9953,344.88953,623.4297,477.03064,370.73892,542.3832,607.14905,2508.219,40.58075,698.99164,237.53369,173.69287,263.49158,218.80438,623.11334,209.12921,238.86462,153.77618,223.52704,239.2533,155.02594,223.29016,-100.582214,454.54184,4715.491,648.30273,3464.7007,5308.006,1982.0422,186.94391,262.5796,152.54297,393.50726,1641.5686,1134.9636,597.1605,131.8169,238.86462,153.77618,223.52704,220.29547,181.70386,347.8297,802.70264,432.68048,236.99097,445.20587,510.19177,2664.3652,286.2876,840.79474,174.10748,268.2334,204.95447,227.69293,797.07715,136.16162,137.08527,238.86462,153.77618,223.52704,239.81726,153.86151,223.27722
1036.6666,920.19336,886.0467,2963.3333,2748.0986,2699.3984,712.93335,672.625,622.67224,0.0,0.0,1.0333333,0.0,0.0,0.33333334,81.666664,46.8365,44.951267,26.566668,10.013933,9.386233,0.0,0.02070139,0.16666667,0.0,0.0,0.16666667,9.933333,9.366667,8.3,22.8,16.766666,15.166667,0.0,0.0,0.0,0.0,0.0,0.33333334,697.0333,623.7747,639.2246,104.166664,128.82764,124.0943,81.6,86.566666,74.333336,749.3,686.23334,1298.6,405.2,422.96664,478.66666,157.4,147.2999,142.86667,90.46667,75.066666,73.63333,0.0,0.0,0.16666667,261.9,213.73334,236.63333,321.13333,339.26666,336.16666,1649.3334,1549.5,1664.9333,484.73334,419.16666,432.66666,276.8,218.63333,231.43333,939.76666,863.93335,885.26666,93.333336,76.99307,78.689,749.56665,721.9138,719.4887,0.0,0.0,0.0,0.0,0.0,0.0,0.0,0.0,0.0,0.0,0.0,0.0,130.33333,105.12774,183.99994,8876.3,9413.042,9936.917,5626.3,6021.3364,6264.2515,963.9,1050.914,1115.9918,7690.2334,8480.259,9085.809,697.13336,562.0833,549.4167,324.7,285.83334,280.96667,3790.4333,3839.4666,3940.0776,273.03052,4582.29,597.63916,1770.9631,7297.701,2953.42,240.729,174.33478,397.73535,751.7596,1843.8158,935.3482,588.70496,112.70648,158.63104,238.86462,153.77618,223.52704,212.60474,263.7517,698.9216,426.79965,181.0398,601.06116,627.303,2355.7969,351.86328,1074.0562,137.66827,149.14752,206.65887,197.5846,649.17596,252.53912,154.93286,219.95581,238.58838,153.57983,224.43408,179.68799,154.55219,449.18298,4775.8105,394.5077,2364.8801,5161.266,2207.6133,387.51187,254.83203,295.04706,556.1227,1580.5518,774.4612,514.8657,238.86462,153.77618,223.52704,225.0473,143.57812,271.1515,345.30212,629.77466,479.90945,373.9811,559.7452,609.673,2531.944,36.205566,702.4493,236.75958,172.16827,264.17407,218.69324,631.98334,209.81696,238.86462,153.77618,223.52704,239.27985,155.12305,223.27716,-99.97064,455.07175,4724.0415,614.7967,3428.2844,5268.981,1973.9423,183.85498,260.98993,153.61035,396.2895,1644.4901,1137.0471,602.36554,131.61908,238.86462,153.77618,223.52704,219.71167,180.22156,347.8183,799.37775,430.84674,236.26471,454.84982,516.68945,2701.8896,282.85754,843.4872,173.97626,267.29095,203.74506,228.49811,810.4773,136.5307,136.48157,238.86462,153.77618,223.52704,239.80505,153.84058,223.27588
970.0,908.99335,922.61334,2896.6667,2752.3984,2905.9724,679.6,684.625,663.4722,0.0,0.0,1.0333333,0.0,0.0,0.33333334,81.666664,47.5365,48.9846,26.566668,10.513933,9.6862335,0.0,0.02070139,0.16666667,0.0,0.0,0.16666667,9.933333,9.366667,8.3,23.233334,17.666666,18.066668,0.0,0.0,0.0,0.0,0.0,0.33333334,719.93335,648.9469,673.2913,121.0,131.4943,127.1943,81.6,96.03333,82.833336,754.5333,712.9667,1303.6,431.53333,424.36664,496.63333,157.4,148.06657,147.26666,87.13333,75.86667,75.46667,0.0,0.0,0.16666667,258.56668,222.06667,241.3,309.13333,341.43332,342.53333,1705.1333,1561.0333,1755.6666,484.73334,421.2,457.33334,265.13333,226.5,241.43333,966.36664,860.23334,921.2,85.0,81.6264,86.222336,762.9,718.886,824.8221,0.0,0.0,0.0,0.0,0.0,0.0,0.0,0.0,0.0,0.0,0.0,0.0,143.16667,107.3305,185.4666,9089.267,9529.297,10451.194,5945.8335,6124.8364,6609.233,974.1667,1064.514,1165.0251,8025.0,8626.892,9623.408,697.0333,574.55,578.31665,324.7,293.0,291.76666,3881.8,3882.5332,4124.3774,269.40997,4496.419,579.9641,1857.5791,7239.892,2893.3018,238.6333,171.04858,400.17767,775.704,1890.0515,919.5776,591.7406,112.52533,158.86487,238.86462,153.77618,223.52704,211.30084,262.96777,703.1034,424.97144,184.83313,610.4183,620.0074,2393.2307,346.45337,1071.8772,138.47144,152.48279,206.26141,196.01349,654.484,252.5249,154.85858,219.96515,238.58789,153.5794,224.43591,180.3446,154.85132,446.1334,4760.7256,381.2503,2359.0505,5127.3696,2173.5935,375.67264,255.57733,297.7948,562.6206,1599.7373,769.2095,531.15796,238.86462,153.77618,223.52704,225.18842,143.60077,270.81183,343.36353,634.9348,481.0505,376.47147,575.6151,610.6122,2550.6199,24.565552,701.9037,236.13068,171.39764,264.33875,218.46704,639.82764,210.32635,238.86462,153.77618,223.52704,239.30707,155.22522,223.26434,-102.998474,451.69592,4706.3706,630.8772,3461.0562,5242.6235,1961.0717,185.13623,260.22296,154.19617,397.944,1642.9874,1132.6023,603.30066,132.9375,238.86462,153.77618,223.52704,219.4096,178.96173,347.26056,792.81415,430.8058,235.81238,464.283,524.4198,2743.2534,279.98175,842.42596,174.33282,267.13904,204.22443,228.43646,817.1367,137.7688,135.8559,238.86462,153.77618,223.52704,239.79712,153.83234,223.27423
986.6667,909.0933,980.81335,2896.6667,2833.0146,3233.366,696.26666,677.975,713.3354,0.0,0.0,1.0333333,0.0,0.0,0.33333334,81.666664,48.003166,54.9846,26.566668,10.713933,9.6862335,0.0,0.02070139,0.16666667,0.0,0.0,0.16666667,9.1,8.966666,8.633333,23.7,19.933332,21.566668,0.0,0.0,0.0,0.0,0.0,0.33333334,703.26666,663.7469,726.62463,137.66667,132.86096,130.6943,88.26667,96.63333,84.933334,754.5333,711.4667,1305.7667,417.66666,410.0333,508.03333,157.4,143.53323,150.43333,87.13333,75.433334,76.8,0.0,0.0,0.16666667,261.86667,220.23334,247.1,295.16666,339.03333,346.63333,1813.9,1596.9333,1797.4667,484.73334,433.7,472.4,265.13333,229.6,250.83333,973.5333,871.4,964.13336,78.333336,80.2264,94.389,796.23334,721.625,898.6276,0.0,0.0,0.0,0.0,0.0,0.0,0.0,0.0,0.0,0.0,0.0,0.0,149.03334,108.99717,189.79993,9222.5,9645.28,10752.661,6245.7334,6220.1733,6824.1406,1059.0667,1068.2473,1154.0945,8324.934,8823.283,9900.634,630.3,583.61664,588.6667,324.7,286.9,300.63333,3994.0667,3943.0332,4227.3887,268.5103,4400.974,572.8031,1912.8068,6841.9043,2728.907,238.07654,165.15088,404.6523,798.35645,1941.8464,885.9229,595.53735,112.03296,158.87085,238.86462,153.77618,223.52704,209.79767,261.31702,711.01587,419.84116,185.49841,613.4537,610.5548,2428.5718,340.84106,1069.3134,138.93121,155.88318,205.91724,195.81116,657.97046,252.47906,154.4765,219.91296,238.5874,153.57867,224.43774,180.39392,154.29504,445.47192,4756.9517,393.4038,2376.1616,5096.405,2171.1575,377.58582,257.7431,301.29596,568.7112,1623.1467,770.55255,544.31995,238.86462,153.77618,223.52704,225.33221,143.54834,270.52515,341.8664,642.4502,482.48587,378.7688,591.2223,614.7218,2570.6348,16.01117,704.50745,235.78864,170.81097,264.79822,218.40027,647.91986,210.80048,238.86462,153.77618,223.52704,239.3346,155.32794,223.25055,-100.24432,448.5784,4671.272,630.3645,3469.1665,5228.568,1949.3363,185.40967,260.72223,154.2135,398.424,1639.2461,1127.0603,604.7442,133.55627,238.86462,153.77618,223.52704,219.26343,177.38586,347.2578,786.9706,431.76077,235.28601,474.7814,524.99786,2769.6763,277.46393,843.21265,174.41467,267.08252,205.16705,228.40082,826.08453,141.50885,135.57117,238.86462,153.77618,223.52704,239.78198,153.74854,223.25714
970.0,918.69336,942.11334,2813.3333,2988.2253,3030.2605,679.6,687.65485,679.7604,0.0,0.0,1.0333333,0.0,0.0,0.33333334,81.666664,50.2365,52.2846,26.566668,10.5806,9.5529,0.0,0.02070139,0.16666667,0.0,0.0,0.16666667,9.1,8.966666,6.9666667,23.7,20.1,20.966667,0.0,0.0,0.0,0.0,0.0,0.33333334,686.73334,672.71356,681.8524,137.66667,129.32764,128.6193,88.26667,97.1,84.6,721.06665,743.6667,1266.3667,411.0,408.6333,500.66666,157.4,142.63324,147.93333,87.13333,73.833336,70.46667,0.0,0.0,0.16666667,258.2,219.1,244.76666,291.43332,326.76666,342.8,1780.5667,1658.4333,1710.6666,484.66666,442.0,450.8,265.13333,230.43333,241.76666,956.86664,892.36664,921.8333,78.333336,79.15974,92.589,851.8333,781.9583,867.82764,0.0,0.0,0.0,0.0,0.0,0.0,0.0,0.0,0.0,0.0,0.0,0.0,149.03334,107.430504,173.63327,9344.634,9768.28,10221.595,6568.567,6297.996,6509.4517,1059.0667,1061.8917,1114.4944,8557.767,8984.717,9614.583,595.9667,554.4667,578.3333,324.7,285.23334,285.53333,4105.8667,4003.311,3993.2222,250.60626,4279.5737,552.84106,2007.4675,6253.112,2480.6934,239.48389,161.87817,402.69302,814.70557,1959.3672,881.6228,599.7587,111.77246,158.83325,238.86462,153.77618,223.52704,210.16754,260.64966,712.04486,415.5172,190.28033,617.646,604.812,2461.1777,336.70343,1069.0619,138.9201,159.49103,205.80035,195.12866,661.43335,252.3374,154.12592,219.84198,238.58704,153.57782,224.43964,180.60541,154.18085,444.13177,4742.4404,396.39435,2385.2747,5057.591,2136.1768,365.59497,259.1673,304.53186,574.1594,1641.8182,773.1019,555.7799,238.86462,153.77618,223.52704,225.78412,143.24158,270.11896,341.4696,650.4044,483.72977,379.1414,604.4851,619.2876,2588.937,10.609314,706.1093,235.5716,170.06964,265.43542,218.42377,655.6824,210.37555,238.86462,153.77618,223.52704,239.36438,155.44049,223.23071,-88.28546,449.77145,4629.5073,616.344,3434.943,5224.921,1941.163,182.6623,261.8355,152.56409,396.4817,1631.2706,1123.5612,614.0034,132.59265,238.86462,153.77618,223.52704,218.98718,174.92303,348.036,782.0723,432.63458,234.05322,485.3734,521.8101,2772.2097,274.66174,844.77856,173.89734,266.91278,205.16492,228.5008,839.7736,146.86072,135.41028,238.86462,153.77618,223.52704,239.79321,153.7243,223.24237
986.6667,920.18,985.9133,2930.0,2997.0544,3085.923,679.6,685.7215,704.27014,0.0,0.0,1.0333333,0.0,0.0,0.33333334,81.666664,51.10317,50.917934,26.566668,10.1806,14.386233,0.0,0.02070139,0.16666667,0.0,0.0,0.16666667,9.1,8.433333,6.633333,25.366667,23.1,18.666666,0.0,0.0,0.0,0.0,0.0,0.33333334,720.06665,674.69135,688.1581,137.66667,128.66096,143.2193,94.933334,101.76667,78.6,687.63336,744.6333,1217.9333,407.63333,402.8333,519.73334,160.6,141.4999,150.43333,87.13333,71.13333,69.833336,0.0,0.0,0.16666667,258.2,219.46666,254.13333,320.16666,314.96667,346.46667,1827.2,1661.8,1708.8667,507.7,443.4,454.66666,275.13333,232.93333,247.66667,997.23334,899.9,929.23334,91.73333,76.6264,96.389,885.1667,806.4111,881.97766,0.0,0.0,0.23333333,0.0,0.0,0.16666667,0.0,0.0,0.0,0.0,0.0,0.0,149.03334,105.76383,169.86661,9433.366,9665.73,10355.062,6718.5,6310.9404,6619.311,1141.3334,1077.9166,1139.7278,8829.6,9084.691,9717.691,562.63336,560.1667,580.5333,324.7,288.66666,286.26666,4138.967,3975.6777,4036.6223,224.70343,4155.0693,522.5943,2242.8037,5975.1978,2334.2664,240.76202,158.87018,398.76993,817.7303,1958.0801,872.17566,604.5459,111.653076,158.55676,238.86462,153.77618,223.52704,209.31775,258.0302,706.94824,408.7355,193.11017,622.57764,599.9395,2490.4238,333.95056,1065.6328,140.57825,163.4046,205.15839,192.89056,666.24744,252.69849,154.05786,219.68665,238.58643,153.57678,224.44159,180.68915,154.36987,443.08664,4732.6943,414.74936,2392.9062,5020.2363,2133.9417,370.63165,259.62347,305.86908,579.91785,1654.6917,770.4759,563.72473,238.86462,153.77618,223.52704,226.23059,143.14612,269.19208,340.08948,655.34106,482.31085,382.0645,620.8214,624.2162,2605.7773,11.185608,707.3502,235.5423,169.59406,265.70203,218.35931,661.66693,210.02686,238.86462,153.77618,223.52704,239.39404,155.5362,223.20422,-84.57764,449.05652,4576.4043,649.27277,3447.3325,5221.354,1922.809,182.39203,258.68317,149.51794,392.79984,1613.7031,1113.5115,618.0685,132.66278,238.86462,153.77618,223.52704,218.87122,172.59277,347.3147,768.4901,427.30927,232.6258,490.95673,521.85706,2777.9019,271.37225,839.64484,173.45416,266.2862,204.22778,228.78937,844.37585,150.00873,135.2959,238.86462,153.77618,223.52704,239.80237,153.71143,223.23218
1003.3333,920.61334,969.28,3030.0,3005.9248,3122.3772,696.26666,691.24023,695.30347,0.0,0.0,1.0333333,0.0,0.0,0.33333334,81.666664,51.1365,50.617935,26.566668,10.347266,13.1529,0.0,0.02070139,0.16666667,0.0,0.0,0.16666667,9.1,8.433333,6.633333,26.966667,20.566668,19.1,0.0,0.0,0.0,0.0,0.0,0.33333334,736.73334,671.39136,678.5914,127.666664,123.9943,142.97484,98.6,93.6,77.933334,728.3,713.86664,1175.2,407.63333,415.26663,520.1,158.3,144.73323,151.5,80.46667,72.166664,71.2,0.0,0.0,0.16666667,258.2,220.8,256.6,305.93332,302.96667,332.96667,1860.3667,1679.7667,1760.0667,474.23334,450.13333,483.16666,251.8,243.83333,261.16666,960.36664,917.9,962.6667,91.73333,80.99307,100.222336,918.5,815.07776,952.7443,0.0,0.0,0.23333333,0.0,0.0,0.16666667,0.0,0.0,0.0,0.0,0.0,0.0,122.23333,98.99717,169.86661,9547.066,9712.331,10476.438,6663.1,6385.8813,6738.8403,1287.6,1091.05,1209.6945,9024.467,9149.259,9955.759,529.13336,550.06665,565.76666,324.7,297.1333,284.76666,4200.3,3968.2444,4076.6555,214.01117,4054.417,503.7261,2536.7515,5810.7437,2234.5037,241.15527,156.5802,392.4221,823.61206,1949.8623,846.345,604.0493,110.19629,158.61847,238.86462,153.77618,223.52704,207.82062,252.75165,698.5133,397.99274,192.36542,627.32697,596.6914,2516.45,330.2519,1056.1047,142.24854,167.30096,204.9925,192.23096,667.4713,252.90881,154.29285,219.64148,238.58612,153.57495,224.44458,181.03638,154.99933,441.70123,4718.7373,429.23752,2396.8894,4977.1973,2165.1772,391.8954,258.31085,306.026,585.202,1655.4233,765.7697,571.1451,238.86462,153.77618,223.52704,226.6872,142.95923,268.16614,338.76874,656.20154,478.6787,382.33273,629.85834,623.2285,2612.1826,8.420166,702.3208,235.47089,169.3515,265.9146,218.12976,664.0342,210.034,238.86462,153.77618,223.52704,239.40283,155.59357,223.20135,-86.884705,440.7932,4478.7305,694.31946,3472.7366,5197.2534,1890.6757,186.48853,255.83533,144.32263,387.28528,1585.8186,1089.4951,621.8363,131.91785,238.86462,153.77618,223.52704,219.11829,170.50586,345.25256,748.6715,418.25885,231.13684,491.29672,521.1772,2780.3381,268.91168,828.23145,172.94275,265.42578,202.73938,229.25421,838.03186,154.01672,135.54626,238.86462,153.77618,223.52704,239.8164,153.72272,223.22711
986.6667,905.81335,961.0467,3063.3333,3002.1748,3011.8438,679.6,670.3722,675.2368,0.0,0.0,1.0333333,0.0,0.0,0.33333334,81.666664,50.1365,48.7846,26.566668,10.147266,13.1529,0.0,0.02070139,0.16666667,0.0,0.0,0.16666667,9.1,9.1,6.633333,25.0,20.233334,19.1,0.0,0.0,0.0,0.0,0.0,0.33333334,703.0,662.39136,656.1914,104.333336,120.86097,141.1415,83.933334,86.86667,77.23333,704.7,686.5,1155.3,474.43332,418.76663,509.8,158.3,147.86656,148.83333,70.46667,73.23333,70.7,0.0,0.0,0.16666667,258.2,226.8,251.83333,301.76666,307.8,332.46667,1777.0,1702.9333,1721.3667,474.23334,460.73334,473.5,245.13333,249.53334,257.16666,960.36664,934.8333,941.3333,100.066666,81.9,99.955666,1001.8333,824.57776,942.6443,0.0,0.0,0.23333333,0.0,0.0,0.16666667,0.0,0.0,0.0,0.0,0.0,0.0,122.23333,101.19717,168.53326,9531.267,9756.03,10266.139,6550.6665,6410.237,6603.896,1287.6,1096.95,1190.9944,9149.533,9256.441,9703.275,495.43332,543.23334,557.3,324.7,297.9333,275.2,4171.6333,3967.0444,3975.422,1104.8628,960.92017,781.22864,1339.328,1303.8252,881.40533,1051.133,813.15137,720.75397,995.76526,1037.5618,961.2728,991.12683,1024.2379,975.063,1162.8596,1007.9681,802.8753,1124.928,946.80975,786.43506,385.26688,187.67548,630.4771,1318.2637,1305.4585,895.14343,1318.3914,1287.4509,897.1753,1036.4878,792.6693,709.61865,1013.4752,1048.5986,958.75085,1056.372,1079.7782,956.87006,1082.2336,1087.0148,960.1791,1073.6661,813.984,727.8209,1262.0024,1174.2001,860.9791,834.756,611.75586,603.4861,839.7088,605.0655,595.75134,841.6321,635.50085,619.18823,892.5299,739.0162,682.42804,1138.4764,1183.8408,905.89813,1037.3839,1001.96765,809.6094,1062.3136,813.6326,721.33887,835.7978,613.3862,603.65875,836.44073,615.2628,603.4175,859.7318,663.10034,635.71045,843.5906,638.5362,620.9549,1030.0028,1035.8915,987.01764,1151.346,1002.98193,815.52094,1301.3525,1273.652,884.54425,1302.112,1281.9412,891.1972,1297.8372,1276.2924,885.35516,1273.3275,1280.6302,892.76483,957.8345,837.0528,732.2922,841.0761,606.1728,596.8342,843.1241,609.5105,608.3576,839.3609,607.245,596.47345,838.45197,604.977,596.7085,871.0148,655.09064,630.1469,935.5735,761.8999,695.0166,838.1829,604.6605,596.6444
1020.0,914.08,920.94666,3163.3333,3003.6792,2889.0925,696.26666,677.0375,611.009,0.0,0.0,1.0333333,0.0,0.0,0.33333334,81.666664,48.9365,45.1846,26.566668,9.947267,13.819567,0.0,0.02070139,0.16666667,0.0,0.0,0.16666667,9.1,9.1,6.633333,24.633333,20.4,19.766666,0.0,0.0,0.0,0.0,0.0,0.33333334,709.6667,650.2303,632.55804,111.0,125.86097,124.280365,90.4,93.4,89.03333,700.3,684.06665,1102.4667,521.56665,414.84164,500.23334,158.23334,146.53323,146.86667,70.46667,68.333336,66.53333,0.0,0.0,0.16666667,248.16667,239.0,244.36667,309.53333,289.8,285.13333,1793.5,1723.3667,1665.3667,517.8,462.2,460.2,268.5,250.63333,256.0,933.4,940.9,907.1667,100.066666,86.4,96.12233,1068.5,854.12775,915.57764,0.0,0.0,0.23333333,0.0,0.0,0.16666667,0.0,0.0,0.0,0.0,0.0,0.0,106.933334,101.7305,163.86661,9497.8,9803.664,9865.905,6583.967,6498.537,6381.674,1203.2333,1107.1167,1150.5277,8981.967,9435.675,9500.608,495.43332,526.76666,510.26666,324.56668,288.09998,268.8,4129.2334,3947.8445,3822.0222,238.06445,3889.636,517.24133,3571.8313,5937.1426,2055.9937,251.71783,157.46497,377.39594,845.19965,1891.9795,793.87366,604.81274,106.59161,158.13873,238.86462,153.77618,223.52704,202.96295,241.15326,672.5424,370.49344,184.53119,632.98083,584.5742,2550.474,324.0069,1017.15344,141.9071,174.2168,202.39331,190.73419,666.30383,252.89459,154.5404,219.71075,238.51514,153.64948,224.44861,181.83972,154.47455,440.79562,4694.334,452.35013,2377.2737,4859.202,2127.4214,396.15726,251.60077,303.19812,593.48914,1639.0535,751.3774,578.89966,238.86462,153.77618,223.52704,227.71368,143.1695,264.83954,334.48755,637.873,465.8304,377.6252,628.9396,620.80304,2619.1538,15.800354,690.48206,235.33392,169.40057,266.211,217.89587,662.719,210.60004,238.86462,153.77618,223.52704,239.39331,155.58124,223.20483,-68.9306,432.7644,4369.8335,675.4499,3445.4392,5134.0103,1846.0989,184.01941,245.68219,136.80573,383.25735,1554.1091,1060.3582,614.71936,132.11084,238.86462,153.77618,223.52704,218.1289,167.40826,340.14288,718.075,393.16922,227.62769,487.87784,503.73056,2837.6702,262.0276,805.3719,171.7594,263.80865,198.98602,229.48303,837.12366,154.44116,136.33356,238.86462,153.77618,223.52704,239.90729,153.74792,223.20984
1053.3334,922.8467,951.74664,3213.3333,3003.7424,3042.7202,704.8333,674.39307,634.97845,0.0,0.0,1.0333333,0.0,0.0,0.33333334,81.666664,48.803165,47.151268,26.566668,12.613934,14.1529,0.0,0.02070139,0.16666667,0.0,0.0,0.16666667,9.1,9.1,6.633333,19.633333,21.066668,20.1,0.0,0.0,0.0,0.0,0.0,0.33333334,708.1667,652.4636,671.22473,117.666664,129.32764,125.94704,99.86667,94.066666,94.23333,750.3,709.3333,1180.5,548.4,428.66663,518.56665,158.23334,150.73323,153.3,70.46667,70.833336,69.933334,0.0,0.0,0.16666667,271.53333,243.5,260.2,326.2,283.06668,290.46667,1833.4,1715.7667,1751.3667,517.8,471.16666,484.96667,268.5,254.3,263.66666,1010.36664,953.13336,962.9667,100.066666,92.53333,109.92233,1131.8334,900.2889,996.9443,0.0,0.0,0.23333333,0.0,0.0,0.16666667,0.0,0.0,0.0,0.0,0.0,0.0,106.933334,127.39993,166.2666,9857.767,9804.131,10320.614,6649.567,6491.9517,6699.733,1241.6666,1099.2833,1203.0945,9404.366,9527.408,9890.225,495.43332,541.86664,534.5,324.56668,287.39996,286.26666,4139.4,3902.2778,4002.922,265.2038,3801.7478,528.5376,4329.9307,6246.0825,2077.33,260.26428,160.97821,369.4563,850.1561,1849.0502,755.5415,610.4958,104.68622,157.71722,238.86462,153.77618,223.52704,202.38116,237.24323,658.21857,357.87915,183.96759,634.4663,580.04346,2568.9668,325.57477,1000.0631,139.43274,174.60626,201.42847,190.92352,665.5215,253.12347,154.68591,219.70703,238.47919,153.68091,224.51599,182.67578,153.38586,438.80914,4685.1553,459.93524,2398.9915,4809.4507,2096.4717,394.5095,249.43524,303.0711,603.2411,1627.5476,744.3365,578.2215,238.86462,153.77618,223.52704,228.22504,143.34723,263.10602,332.98962,624.8585,458.18292,372.34525,627.7229,615.4453,2619.482,8.9435425,677.0171,235.49506,169.69171,266.2245,217.89832,660.1687,210.76978,238.86462,153.77618,223.52704,239.3844,155.53589,223.19891,-62.36975,423.30875,4278.177,709.6635,3499.7085,5117.9277,1823.467,187.78156,241.9325,133.14368,380.14716,1535.9298,1044.5887,610.3821,133.40576,238.86462,153.77618,223.52704,217.88635,166.30908,338.20056,702.25024,383.22244,225.1413,492.1702,501.26593,2899.1255,258.96448,793.83276,171.11536,263.34387,198.24335,229.52173,829.08685,154.41168,136.5246,238.86462,153.77618,223.52704,239.96313,153.81818,223.21289
1070.0,934.78,979.8467,3233.3333,3058.975,3225.4717,691.5,675.1847,642.80066,0.0,0.0,1.0333333,0.0,0.0,0.33333334,81.666664,49.10317,49.617935,26.566668,12.2806,13.486234,0.0,0.02070139,0.16666667,0.0,0.0,0.16666667,9.1,9.1,6.633333,19.633333,19.4,20.266666,0.0,0.0,0.0,0.0,0.0,0.33333334,666.8333,664.9636,695.95807,124.333336,126.69984,119.8137,106.53333,102.86667,93.23333,785.0,732.3,1182.6666,565.26666,441.97498,529.9,154.8,150.53323,158.8,70.46667,67.03333,71.6,0.0,0.0,0.16666667,271.53333,251.26666,265.9,326.36667,280.56668,289.96667,1867.6666,1739.3667,1789.1,497.66666,477.0,501.9,268.5,254.46666,268.33334,1062.1,948.06665,978.73334,123.4,98.26667,113.52233,1196.0,959.7222,1060.8444,0.0,0.0,0.23333333,0.0,0.0,0.16666667,0.0,0.0,0.0,0.0,0.0,0.0,106.933334,124.83327,165.43327,10124.434,10101.825,10531.536,6717.033,6620.3403,6865.8516,1308.5667,1128.5834,1180.2167,10004.366,9759.658,10095.559,495.43332,518.4,543.0,324.56668,299.2333,301.2,4106.5,3962.3445,4075.578,280.3153,3703.176,535.3269,4733.7363,6326.7334,2162.3533,269.12488,167.24005,359.3817,839.16833,1805.0796,721.8106,618.8573,103.970825,156.6322,238.86462,153.77618,223.52704,200.4375,233.40399,646.0123,345.8371,182.97577,633.6534,581.704,2595.8835,334.25183,986.95764,135.4878,174.64746,201.85077,193.04816,666.51,253.36371,154.80743,219.70721,238.43842,153.7019,224.61914,182.9516,152.28864,436.56265,4684.5054,487.91565,2424.9534,4757.7144,2116.128,412.49005,248.69617,302.46173,617.397,1618.7322,742.65344,580.1947,238.86462,153.77618,223.52704,228.74384,143.62408,261.2854,331.37177,611.99384,449.93097,367.46835,627.9809,616.21356,2625.5474,8.18811,664.70325,235.8039,169.99756,266.46906,218.02454,658.21295,210.53516,238.86462,153.77618,223.52704,239.35156,155.38116,223.21661,-43.48651,418.71704,4209.151,710.0891,3523.0654,5113.095,1806.2466,188.89062,238.9112,130.15295,377.40436,1522.9874,1031.016,612.29395,133.086,238.86462,153.77618,223.52704,217.50409,165.41394,336.48706,689.75195,373.60062,223.3758,501.03998,496.75403,2964.4307,255.98712,780.64026,170.9685,262.79578,197.78748,229.66656,823.91815,154.88098,137.09027,238.8421,153.80005,223.52838,240.00494,153.84998,223.21521
